# Blender 5.1.1
# www.blender.org
mtllib Vision Artificial.mtl
o Visión_Artificial
v 2.888598 0.393216 -0.074542
v 2.799598 0.393216 -0.074542
v 2.799598 -0.288784 -0.074542
v 2.888598 -0.288784 -0.074542
v 2.718599 -0.208784 -0.074542
v 2.713644 -0.212407 -0.074542
v 2.708798 -0.215770 -0.074542
v 2.704083 -0.218862 -0.074542
v 2.699524 -0.221673 -0.074542
v 2.695146 -0.224192 -0.074542
v 2.690974 -0.226409 -0.074542
v 2.687030 -0.228313 -0.074542
v 2.683339 -0.229895 -0.074542
v 2.679927 -0.231143 -0.074542
v 2.676816 -0.232048 -0.074542
v 2.674032 -0.232598 -0.074542
v 2.671598 -0.232784 -0.074542
v 2.668953 -0.232656 -0.074542
v 2.666520 -0.232261 -0.074542
v 2.664302 -0.231581 -0.074542
v 2.662302 -0.230599 -0.074542
v 2.660525 -0.229297 -0.074542
v 2.658973 -0.227659 -0.074542
v 2.657651 -0.225666 -0.074542
v 2.656562 -0.223302 -0.074542
v 2.655708 -0.220549 -0.074542
v 2.655094 -0.217390 -0.074542
v 2.654723 -0.213808 -0.074542
v 2.654598 -0.209784 -0.074542
v 2.654598 0.021216 -0.074542
v 2.653129 0.045555 -0.074542
v 2.648844 0.067596 -0.074542
v 2.641927 0.087372 -0.074542
v 2.632561 0.104920 -0.074542
v 2.620932 0.120273 -0.074542
v 2.607223 0.133466 -0.074542
v 2.591618 0.144534 -0.074542
v 2.574302 0.153512 -0.074542
v 2.555458 0.160435 -0.074542
v 2.535270 0.165337 -0.074542
v 2.513922 0.168252 -0.074542
v 2.491598 0.169216 -0.074542
v 2.475681 0.168799 -0.074542
v 2.460422 0.167545 -0.074542
v 2.445817 0.165451 -0.074542
v 2.431857 0.162512 -0.074542
v 2.418537 0.158727 -0.074542
v 2.405848 0.154091 -0.074542
v 2.393785 0.148601 -0.074542
v 2.382339 0.142253 -0.074542
v 2.371505 0.135044 -0.074542
v 2.361274 0.126971 -0.074542
v 2.351641 0.118029 -0.074542
v 2.342598 0.108216 -0.074542
v 2.342598 0.011216 -0.074542
v 2.353490 0.023386 -0.074542
v 2.364645 0.034406 -0.074542
v 2.376036 0.044294 -0.074542
v 2.387635 0.053068 -0.074542
v 2.399416 0.060745 -0.074542
v 2.411349 0.067341 -0.074542
v 2.423406 0.072875 -0.074542
v 2.435561 0.077364 -0.074542
v 2.447786 0.080826 -0.074542
v 2.460052 0.083276 -0.074542
v 2.472332 0.084734 -0.074542
v 2.484598 0.085216 -0.074542
v 2.497536 0.084731 -0.074542
v 2.509349 0.083253 -0.074542
v 2.520036 0.080747 -0.074542
v 2.529598 0.077179 -0.074542
v 2.538036 0.072514 -0.074542
v 2.545348 0.066716 -0.074542
v 2.551536 0.059752 -0.074542
v 2.556598 0.051587 -0.074542
v 2.560536 0.042185 -0.074542
v 2.563349 0.031513 -0.074542
v 2.565036 0.019535 -0.074542
v 2.565598 0.006216 -0.074542
v 2.565598 -0.017784 -0.074542
v 2.486598 -0.045784 -0.074542
v 2.468463 -0.052340 -0.074542
v 2.450265 -0.059150 -0.074542
v 2.432317 -0.066424 -0.074542
v 2.414932 -0.074376 -0.074542
v 2.398421 -0.083217 -0.074542
v 2.383098 -0.093159 -0.074542
v 2.369275 -0.104413 -0.074542
v 2.357265 -0.117191 -0.074542
v 2.347379 -0.131706 -0.074542
v 2.339932 -0.148168 -0.074542
v 2.335234 -0.166790 -0.074542
v 2.333598 -0.187784 -0.074542
v 2.334502 -0.202132 -0.074542
v 2.337163 -0.216071 -0.074542
v 2.341505 -0.229440 -0.074542
v 2.347450 -0.242080 -0.074542
v 2.354924 -0.253831 -0.074542
v 2.363849 -0.264534 -0.074542
v 2.374149 -0.274028 -0.074542
v 2.385747 -0.282154 -0.074542
v 2.398568 -0.288753 -0.074542
v 2.412534 -0.293664 -0.074542
v 2.427571 -0.296727 -0.074542
v 2.443599 -0.297784 -0.074542
v 2.453847 -0.297471 -0.074542
v 2.464089 -0.296529 -0.074542
v 2.474317 -0.294956 -0.074542
v 2.484524 -0.292747 -0.074542
v 2.494704 -0.289899 -0.074542
v 2.504849 -0.286409 -0.074542
v 2.514952 -0.282273 -0.074542
v 2.525007 -0.277488 -0.074542
v 2.535005 -0.272049 -0.074542
v 2.544942 -0.265955 -0.074542
v 2.554808 -0.259201 -0.074542
v 2.564598 -0.251784 -0.074542
v 2.566872 -0.259411 -0.074542
v 2.569705 -0.266302 -0.074542
v 2.573114 -0.272471 -0.074542
v 2.577117 -0.277932 -0.074542
v 2.581731 -0.282698 -0.074542
v 2.586973 -0.286784 -0.074542
v 2.592862 -0.290203 -0.074542
v 2.599413 -0.292969 -0.074542
v 2.606645 -0.295096 -0.074542
v 2.614575 -0.296599 -0.074542
v 2.623220 -0.297490 -0.074542
v 2.632598 -0.297784 -0.074542
v 2.639389 -0.297611 -0.074542
v 2.645844 -0.297066 -0.074542
v 2.652083 -0.296112 -0.074542
v 2.658228 -0.294710 -0.074542
v 2.664401 -0.292821 -0.074542
v 2.670724 -0.290409 -0.074542
v 2.677317 -0.287434 -0.074542
v 2.684303 -0.283858 -0.074542
v 2.691802 -0.279643 -0.074542
v 2.699937 -0.274751 -0.074542
v 2.708829 -0.269144 -0.074542
v 2.718599 -0.262784 -0.074542
v 2.565598 -0.197784 -0.074542
v 2.559557 -0.203343 -0.074542
v 2.553432 -0.208511 -0.074542
v 2.547223 -0.213268 -0.074542
v 2.540931 -0.217599 -0.074542
v 2.534557 -0.221485 -0.074542
v 2.528098 -0.224909 -0.074542
v 2.521557 -0.227854 -0.074542
v 2.514931 -0.230302 -0.074542
v 2.508223 -0.232237 -0.074542
v 2.501432 -0.233640 -0.074542
v 2.494557 -0.234495 -0.074542
v 2.487598 -0.234784 -0.074542
v 2.478566 -0.234251 -0.074542
v 2.470011 -0.232687 -0.074542
v 2.461989 -0.230143 -0.074542
v 2.454561 -0.226673 -0.074542
v 2.447787 -0.222327 -0.074542
v 2.441724 -0.217159 -0.074542
v 2.436431 -0.211220 -0.074542
v 2.431969 -0.204562 -0.074542
v 2.428396 -0.197237 -0.074542
v 2.425770 -0.189298 -0.074542
v 2.424151 -0.180796 -0.074542
v 2.423599 -0.171784 -0.074542
v 2.424941 -0.159081 -0.074542
v 2.428839 -0.147409 -0.074542
v 2.435099 -0.136674 -0.074542
v 2.443525 -0.126784 -0.074542
v 2.453923 -0.117643 -0.074542
v 2.466099 -0.109159 -0.074542
v 2.479858 -0.101237 -0.074542
v 2.495006 -0.093784 -0.074542
v 2.511348 -0.086706 -0.074542
v 2.528691 -0.079909 -0.074542
v 2.546839 -0.073299 -0.074542
v 2.565598 -0.066784 -0.074542
v 2.242598 0.160216 -0.074542
v 2.153599 0.160216 -0.074542
v 2.153599 -0.288784 -0.074542
v 2.242598 -0.288784 -0.074542
v 2.251599 0.296216 -0.074542
v 2.251109 0.303351 -0.074542
v 2.249686 0.310212 -0.074542
v 2.247395 0.316732 -0.074542
v 2.244302 0.322846 -0.074542
v 2.240473 0.328488 -0.074542
v 2.235973 0.333591 -0.074542
v 2.230870 0.338091 -0.074542
v 2.225228 0.341920 -0.074542
v 2.219114 0.345013 -0.074542
v 2.212593 0.347304 -0.074542
v 2.205733 0.348727 -0.074542
v 2.198599 0.349216 -0.074542
v 2.191464 0.348727 -0.074542
v 2.184603 0.347304 -0.074542
v 2.178083 0.345013 -0.074542
v 2.171969 0.341920 -0.074542
v 2.166327 0.338091 -0.074542
v 2.161223 0.333591 -0.074542
v 2.156724 0.328488 -0.074542
v 2.152894 0.322846 -0.074542
v 2.149801 0.316732 -0.074542
v 2.147510 0.310211 -0.074542
v 2.146087 0.303351 -0.074542
v 2.145599 0.296216 -0.074542
v 2.146088 0.289081 -0.074542
v 2.147511 0.282221 -0.074542
v 2.149802 0.275701 -0.074542
v 2.152895 0.269587 -0.074542
v 2.156725 0.263945 -0.074542
v 2.161224 0.258841 -0.074542
v 2.166328 0.254342 -0.074542
v 2.171970 0.250512 -0.074542
v 2.178084 0.247419 -0.074542
v 2.184604 0.245128 -0.074542
v 2.191465 0.243705 -0.074542
v 2.198599 0.243216 -0.074542
v 2.205734 0.243705 -0.074542
v 2.212594 0.245128 -0.074542
v 2.219115 0.247419 -0.074542
v 2.225229 0.250512 -0.074542
v 2.230870 0.254342 -0.074542
v 2.235974 0.258841 -0.074542
v 2.240474 0.263945 -0.074542
v 2.244303 0.269587 -0.074542
v 2.247396 0.275701 -0.074542
v 2.249687 0.282221 -0.074542
v 2.251110 0.289081 -0.074542
v 2.043598 0.138216 -0.074542
v 2.033001 0.142817 -0.074542
v 2.022650 0.147110 -0.074542
v 2.012458 0.151076 -0.074542
v 2.002340 0.154698 -0.074542
v 1.992207 0.157959 -0.074542
v 1.981974 0.160841 -0.074542
v 1.971553 0.163328 -0.074542
v 1.960858 0.165401 -0.074542
v 1.949802 0.167044 -0.074542
v 1.938298 0.168239 -0.074542
v 1.926259 0.168969 -0.074542
v 1.913598 0.169216 -0.074542
v 1.880661 0.167281 -0.074542
v 1.849931 0.161568 -0.074542
v 1.821536 0.152216 -0.074542
v 1.795598 0.139364 -0.074542
v 1.772244 0.123151 -0.074542
v 1.751599 0.103716 -0.074542
v 1.733786 0.081198 -0.074542
v 1.718932 0.055735 -0.074542
v 1.707161 0.027466 -0.074542
v 1.698599 -0.003469 -0.074542
v 1.693370 -0.036932 -0.074542
v 1.691598 -0.072784 -0.074542
v 1.693525 -0.104940 -0.074542
v 1.699181 -0.135284 -0.074542
v 1.708379 -0.163628 -0.074542
v 1.720931 -0.189784 -0.074542
v 1.736650 -0.213565 -0.074542
v 1.755348 -0.234784 -0.074542
v 1.776838 -0.253253 -0.074542
v 1.800931 -0.268784 -0.074542
v 1.827441 -0.281190 -0.074542
v 1.856181 -0.290284 -0.074542
v 1.886962 -0.295878 -0.074542
v 1.919598 -0.297784 -0.074542
v 1.931535 -0.297540 -0.074542
v 1.943761 -0.296830 -0.074542
v 1.956146 -0.295690 -0.074542
v 1.968561 -0.294154 -0.074542
v 1.980880 -0.292257 -0.074542
v 1.992974 -0.290034 -0.074542
v 2.004712 -0.287519 -0.074542
v 2.015969 -0.284747 -0.074542
v 2.026614 -0.281753 -0.074542
v 2.036520 -0.278571 -0.074542
v 2.045557 -0.275236 -0.074542
v 2.053598 -0.271784 -0.074542
v 2.053598 -0.183784 -0.074542
v 2.042529 -0.188576 -0.074542
v 2.031797 -0.192951 -0.074542
v 2.021363 -0.196909 -0.074542
v 2.011191 -0.200451 -0.074542
v 2.001240 -0.203576 -0.074542
v 1.991473 -0.206284 -0.074542
v 1.981852 -0.208576 -0.074542
v 1.972339 -0.210451 -0.074542
v 1.962895 -0.211909 -0.074542
v 1.953482 -0.212951 -0.074542
v 1.944063 -0.213576 -0.074542
v 1.934598 -0.213784 -0.074542
v 1.912281 -0.212628 -0.074542
v 1.891395 -0.209205 -0.074542
v 1.872036 -0.203581 -0.074542
v 1.854303 -0.195821 -0.074542
v 1.838291 -0.185992 -0.074542
v 1.824099 -0.174159 -0.074542
v 1.811824 -0.160389 -0.074542
v 1.801562 -0.144747 -0.074542
v 1.793411 -0.127299 -0.074542
v 1.787469 -0.108113 -0.074542
v 1.783833 -0.087252 -0.074542
v 1.782598 -0.064784 -0.074542
v 1.783747 -0.042677 -0.074542
v 1.787122 -0.021927 -0.074542
v 1.792614 -0.002643 -0.074542
v 1.800117 0.015068 -0.074542
v 1.809523 0.031099 -0.074542
v 1.820724 0.045341 -0.074542
v 1.833612 0.057688 -0.074542
v 1.848080 0.068031 -0.074542
v 1.864021 0.076263 -0.074542
v 1.881325 0.082276 -0.074542
v 1.899887 0.085963 -0.074542
v 1.919598 0.087216 -0.074542
v 1.929257 0.087000 -0.074542
v 1.938783 0.086318 -0.074542
v 1.948254 0.085122 -0.074542
v 1.957746 0.083364 -0.074542
v 1.967335 0.080995 -0.074542
v 1.977098 0.077966 -0.074542
v 1.987111 0.074229 -0.074542
v 1.997450 0.069735 -0.074542
v 2.008192 0.064435 -0.074542
v 2.019413 0.058281 -0.074542
v 2.031189 0.051224 -0.074542
v 2.043598 0.043216 -0.074542
v 1.585598 0.160216 -0.074542
v 1.496598 0.160216 -0.074542
v 1.496598 -0.288784 -0.074542
v 1.585598 -0.288784 -0.074542
v 1.594599 0.296216 -0.074542
v 1.594109 0.303351 -0.074542
v 1.592686 0.310212 -0.074542
v 1.590395 0.316732 -0.074542
v 1.587302 0.322846 -0.074542
v 1.583472 0.328488 -0.074542
v 1.578973 0.333591 -0.074542
v 1.573869 0.338091 -0.074542
v 1.568228 0.341920 -0.074542
v 1.562114 0.345013 -0.074542
v 1.555593 0.347304 -0.074542
v 1.548733 0.348727 -0.074542
v 1.541599 0.349216 -0.074542
v 1.534464 0.348727 -0.074542
v 1.527603 0.347304 -0.074542
v 1.521083 0.345013 -0.074542
v 1.514969 0.341920 -0.074542
v 1.509327 0.338091 -0.074542
v 1.504223 0.333591 -0.074542
v 1.499724 0.328488 -0.074542
v 1.495894 0.322846 -0.074542
v 1.492801 0.316732 -0.074542
v 1.490510 0.310211 -0.074542
v 1.489087 0.303351 -0.074542
v 1.488599 0.296216 -0.074542
v 1.489088 0.289081 -0.074542
v 1.490511 0.282221 -0.074542
v 1.492802 0.275701 -0.074542
v 1.495895 0.269587 -0.074542
v 1.499725 0.263945 -0.074542
v 1.504224 0.258841 -0.074542
v 1.509328 0.254342 -0.074542
v 1.514970 0.250512 -0.074542
v 1.521084 0.247419 -0.074542
v 1.527604 0.245128 -0.074542
v 1.534465 0.243705 -0.074542
v 1.541599 0.243216 -0.074542
v 1.548733 0.243705 -0.074542
v 1.555594 0.245128 -0.074542
v 1.562114 0.247419 -0.074542
v 1.568228 0.250512 -0.074542
v 1.573870 0.254342 -0.074542
v 1.578974 0.258841 -0.074542
v 1.583473 0.263945 -0.074542
v 1.587303 0.269587 -0.074542
v 1.590396 0.275701 -0.074542
v 1.592687 0.282221 -0.074542
v 1.594110 0.289081 -0.074542
v 1.477598 0.393216 -0.074542
v 1.458653 0.397894 -0.074542
v 1.440784 0.400975 -0.074542
v 1.423942 0.402529 -0.074542
v 1.408080 0.402624 -0.074542
v 1.393148 0.401330 -0.074542
v 1.379099 0.398716 -0.074542
v 1.365882 0.394853 -0.074542
v 1.353451 0.389809 -0.074542
v 1.341755 0.383654 -0.074542
v 1.330747 0.376457 -0.074542
v 1.320378 0.368288 -0.074542
v 1.310599 0.359216 -0.074542
v 1.301914 0.350068 -0.074542
v 1.293876 0.340531 -0.074542
v 1.286505 0.330466 -0.074542
v 1.279821 0.319735 -0.074542
v 1.273845 0.308198 -0.074542
v 1.268599 0.295716 -0.074542
v 1.264102 0.282151 -0.074542
v 1.260377 0.267364 -0.074542
v 1.257443 0.251216 -0.074542
v 1.255321 0.233568 -0.074542
v 1.254033 0.214281 -0.074542
v 1.253598 0.193216 -0.074542
v 1.253598 0.160216 -0.074542
v 1.190598 0.160216 -0.074542
v 1.190598 0.080216 -0.074542
v 1.253598 0.080216 -0.074542
v 1.253598 -0.288784 -0.074542
v 1.342598 -0.288784 -0.074542
v 1.342598 0.080216 -0.074542
v 1.423599 0.080216 -0.074542
v 1.423599 0.160216 -0.074542
v 1.342598 0.160216 -0.074542
v 1.342598 0.203216 -0.074542
v 1.343092 0.219895 -0.074542
v 1.344635 0.235397 -0.074542
v 1.347317 0.249669 -0.074542
v 1.351228 0.262661 -0.074542
v 1.356458 0.274319 -0.074542
v 1.363098 0.284591 -0.074542
v 1.371238 0.293426 -0.074542
v 1.380969 0.300772 -0.074542
v 1.392380 0.306576 -0.074542
v 1.405561 0.310786 -0.074542
v 1.420604 0.313350 -0.074542
v 1.437598 0.314216 -0.074542
v 1.441460 0.314173 -0.074542
v 1.445075 0.314040 -0.074542
v 1.448488 0.313810 -0.074542
v 1.451746 0.313475 -0.074542
v 1.454893 0.313030 -0.074542
v 1.457973 0.312466 -0.074542
v 1.461033 0.311778 -0.074542
v 1.464116 0.310957 -0.074542
v 1.467270 0.309997 -0.074542
v 1.470537 0.308892 -0.074542
v 1.473965 0.307634 -0.074542
v 1.477598 0.306216 -0.074542
v 1.116598 0.160216 -0.074542
v 1.027599 0.160216 -0.074542
v 1.027599 -0.288784 -0.074542
v 1.116598 -0.288784 -0.074542
v 1.125599 0.296216 -0.074542
v 1.125109 0.303351 -0.074542
v 1.123687 0.310212 -0.074542
v 1.121395 0.316732 -0.074542
v 1.118302 0.322846 -0.074542
v 1.114473 0.328488 -0.074542
v 1.109973 0.333591 -0.074542
v 1.104870 0.338091 -0.074542
v 1.099228 0.341920 -0.074542
v 1.093114 0.345013 -0.074542
v 1.086593 0.347304 -0.074542
v 1.079733 0.348727 -0.074542
v 1.072599 0.349216 -0.074542
v 1.065464 0.348727 -0.074542
v 1.058603 0.347304 -0.074542
v 1.052083 0.345013 -0.074542
v 1.045969 0.341920 -0.074542
v 1.040327 0.338091 -0.074542
v 1.035223 0.333591 -0.074542
v 1.030724 0.328488 -0.074542
v 1.026894 0.322846 -0.074542
v 1.023801 0.316732 -0.074542
v 1.021510 0.310211 -0.074542
v 1.020087 0.303351 -0.074542
v 1.019599 0.296216 -0.074542
v 1.020088 0.289081 -0.074542
v 1.021511 0.282221 -0.074542
v 1.023802 0.275701 -0.074542
v 1.026895 0.269587 -0.074542
v 1.030725 0.263945 -0.074542
v 1.035224 0.258841 -0.074542
v 1.040328 0.254342 -0.074542
v 1.045970 0.250512 -0.074542
v 1.052084 0.247419 -0.074542
v 1.058604 0.245128 -0.074542
v 1.065465 0.243705 -0.074542
v 1.072599 0.243216 -0.074542
v 1.079734 0.243705 -0.074542
v 1.086594 0.245128 -0.074542
v 1.093115 0.247419 -0.074542
v 1.099229 0.250512 -0.074542
v 1.104871 0.254342 -0.074542
v 1.109974 0.258841 -0.074542
v 1.114474 0.263945 -0.074542
v 1.118303 0.269587 -0.074542
v 1.121396 0.275701 -0.074542
v 1.123688 0.282221 -0.074542
v 1.125110 0.289081 -0.074542
v 0.796598 0.253216 -0.074542
v 0.629598 0.090216 -0.074542
v 0.629598 0.080216 -0.074542
v 0.707598 0.080216 -0.074542
v 0.707598 -0.156784 -0.074542
v 0.708619 -0.176574 -0.074542
v 0.711677 -0.195353 -0.074542
v 0.716770 -0.212987 -0.074542
v 0.723895 -0.229339 -0.074542
v 0.733047 -0.244275 -0.074542
v 0.744223 -0.257659 -0.074542
v 0.757421 -0.269355 -0.074542
v 0.772635 -0.279228 -0.074542
v 0.789864 -0.287143 -0.074542
v 0.809103 -0.292964 -0.074542
v 0.830349 -0.296556 -0.074542
v 0.853598 -0.297784 -0.074542
v 0.861223 -0.297518 -0.074542
v 0.869515 -0.296742 -0.074542
v 0.878349 -0.295487 -0.074542
v 0.887599 -0.293784 -0.074542
v 0.897140 -0.291664 -0.074542
v 0.906849 -0.289159 -0.074542
v 0.916599 -0.286299 -0.074542
v 0.926265 -0.283117 -0.074542
v 0.935724 -0.279643 -0.074542
v 0.944849 -0.275909 -0.074542
v 0.953516 -0.271945 -0.074542
v 0.961599 -0.267784 -0.074542
v 0.961599 -0.184784 -0.074542
v 0.952660 -0.190055 -0.074542
v 0.943839 -0.194867 -0.074542
v 0.935130 -0.199221 -0.074542
v 0.926524 -0.203117 -0.074542
v 0.918016 -0.206555 -0.074542
v 0.909599 -0.209534 -0.074542
v 0.901264 -0.212055 -0.074542
v 0.893006 -0.214117 -0.074542
v 0.884817 -0.215721 -0.074542
v 0.876691 -0.216867 -0.074542
v 0.868620 -0.217555 -0.074542
v 0.860598 -0.217784 -0.074542
v 0.853877 -0.217458 -0.074542
v 0.846830 -0.216427 -0.074542
v 0.839629 -0.214612 -0.074542
v 0.832450 -0.211932 -0.074542
v 0.825465 -0.208308 -0.074542
v 0.818848 -0.203659 -0.074542
v 0.812773 -0.197906 -0.074542
v 0.807413 -0.190969 -0.074542
v 0.802942 -0.182768 -0.074542
v 0.799533 -0.173224 -0.074542
v 0.797361 -0.162255 -0.074542
v 0.796598 -0.149784 -0.074542
v 0.796598 0.080216 -0.074542
v 0.938598 0.080216 -0.074542
v 0.938598 0.160216 -0.074542
v 0.796598 0.160216 -0.074542
v 0.302598 0.160216 -0.074542
v 0.302598 -0.288784 -0.074542
v 0.391598 -0.288784 -0.074542
v 0.391598 -0.053784 -0.074542
v 0.392578 -0.034893 -0.074542
v 0.395436 -0.016825 -0.074542
v 0.400051 0.000263 -0.074542
v 0.406302 0.016216 -0.074542
v 0.414067 0.030878 -0.074542
v 0.423223 0.044091 -0.074542
v 0.433651 0.055701 -0.074542
v 0.445228 0.065549 -0.074542
v 0.457833 0.073482 -0.074542
v 0.471344 0.079341 -0.074542
v 0.485640 0.082971 -0.074542
v 0.500598 0.084216 -0.074542
v 0.506127 0.083847 -0.074542
v 0.512163 0.082762 -0.074542
v 0.518630 0.080997 -0.074542
v 0.525450 0.078587 -0.074542
v 0.532549 0.075565 -0.074542
v 0.539848 0.071966 -0.074542
v 0.547273 0.067826 -0.074542
v 0.554747 0.063179 -0.074542
v 0.562192 0.058060 -0.074542
v 0.569534 0.052503 -0.074542
v 0.576694 0.046544 -0.074542
v 0.583598 0.040216 -0.074542
v 0.630599 0.117216 -0.074542
v 0.621408 0.125592 -0.074542
v 0.612325 0.133221 -0.074542
v 0.603333 0.140107 -0.074542
v 0.594414 0.146253 -0.074542
v 0.585550 0.151664 -0.074542
v 0.576724 0.156341 -0.074542
v 0.567919 0.160290 -0.074542
v 0.559117 0.163512 -0.074542
v 0.550302 0.166013 -0.074542
v 0.541455 0.167795 -0.074542
v 0.532560 0.168861 -0.074542
v 0.523598 0.169216 -0.074542
v 0.513077 0.168521 -0.074542
v 0.502511 0.166406 -0.074542
v 0.491895 0.162826 -0.074542
v 0.481228 0.157735 -0.074542
v 0.470505 0.151088 -0.074542
v 0.459723 0.142841 -0.074542
v 0.448879 0.132948 -0.074542
v 0.437969 0.121364 -0.074542
v 0.426989 0.108044 -0.074542
v 0.415937 0.092943 -0.074542
v 0.404808 0.076015 -0.074542
v 0.393599 0.057216 -0.074542
v 0.391598 0.057216 -0.074542
v 0.391598 0.160216 -0.074542
v -0.071402 0.397216 -0.074542
v -0.140402 0.397216 -0.074542
v -0.433402 -0.288784 -0.074542
v -0.333402 -0.288784 -0.074542
v -0.247401 -0.087784 -0.074542
v 0.042598 -0.087784 -0.074542
v 0.133599 -0.288784 -0.074542
v 0.233598 -0.288784 -0.074542
v -0.107402 0.247216 -0.074542
v 0.002599 0.000216 -0.074542
v -0.209402 0.000216 -0.074542
v -1.061402 0.160216 -0.074542
v -1.150402 0.160216 -0.074542
v -1.150402 -0.288784 -0.074542
v -1.061402 -0.288784 -0.074542
v -1.061402 0.033216 -0.074542
v -1.051120 0.044368 -0.074542
v -1.041230 0.054350 -0.074542
v -1.031667 0.063201 -0.074542
v -1.022365 0.070957 -0.074542
v -1.013257 0.077658 -0.074542
v -1.004277 0.083341 -0.074542
v -0.995359 0.088045 -0.074542
v -0.986439 0.091809 -0.074542
v -0.977448 0.094669 -0.074542
v -0.968323 0.096665 -0.074542
v -0.958996 0.097835 -0.074542
v -0.949402 0.098216 -0.074542
v -0.936327 0.097332 -0.074542
v -0.924133 0.094725 -0.074542
v -0.912871 0.090466 -0.074542
v -0.902587 0.084624 -0.074542
v -0.893331 0.077267 -0.074542
v -0.885152 0.068466 -0.074542
v -0.878098 0.058290 -0.074542
v -0.872217 0.046809 -0.074542
v -0.867558 0.034091 -0.074542
v -0.864171 0.020207 -0.074542
v -0.862102 0.005225 -0.074542
v -0.861402 -0.010784 -0.074542
v -0.861402 -0.288784 -0.074542
v -0.772402 -0.288784 -0.074542
v -0.772402 -0.011784 -0.074542
v -0.773789 0.017616 -0.074542
v -0.777832 0.044332 -0.074542
v -0.784355 0.068388 -0.074542
v -0.793179 0.089809 -0.074542
v -0.804129 0.108618 -0.074542
v -0.817026 0.124841 -0.074542
v -0.831695 0.138501 -0.074542
v -0.847957 0.149624 -0.074542
v -0.865636 0.158232 -0.074542
v -0.884554 0.164350 -0.074542
v -0.904535 0.168004 -0.074542
v -0.925402 0.169216 -0.074542
v -0.937892 0.168699 -0.074542
v -0.950328 0.167165 -0.074542
v -0.962652 0.164638 -0.074542
v -0.974809 0.161142 -0.074542
v -0.986744 0.156702 -0.074542
v -0.998402 0.151341 -0.074542
v -1.009726 0.145085 -0.074542
v -1.020661 0.137957 -0.074542
v -1.031152 0.129982 -0.074542
v -1.041143 0.121184 -0.074542
v -1.050578 0.111587 -0.074542
v -1.059402 0.101216 -0.074542
v -1.061402 0.101216 -0.074542
v -1.490402 0.169216 -0.074542
v -1.523214 0.167174 -0.074542
v -1.554485 0.161212 -0.074542
v -1.583964 0.151576 -0.074542
v -1.611402 0.138513 -0.074542
v -1.636548 0.122269 -0.074542
v -1.659152 0.103091 -0.074542
v -1.678964 0.081226 -0.074542
v -1.695735 0.056920 -0.074542
v -1.709214 0.030419 -0.074542
v -1.719152 0.001971 -0.074542
v -1.725298 -0.028179 -0.074542
v -1.727402 -0.059784 -0.074542
v -1.725374 -0.093456 -0.074542
v -1.719429 -0.125330 -0.074542
v -1.709777 -0.155190 -0.074542
v -1.696624 -0.182821 -0.074542
v -1.680180 -0.208007 -0.074542
v -1.660652 -0.230534 -0.074542
v -1.638249 -0.250185 -0.074542
v -1.613180 -0.266747 -0.074542
v -1.585652 -0.280003 -0.074542
v -1.555874 -0.289738 -0.074542
v -1.524055 -0.295736 -0.074542
v -1.490402 -0.297784 -0.074542
v -1.455370 -0.295813 -0.074542
v -1.422402 -0.290015 -0.074542
v -1.391683 -0.280565 -0.074542
v -1.363402 -0.267636 -0.074542
v -1.337745 -0.251401 -0.074542
v -1.314902 -0.232034 -0.074542
v -1.295058 -0.209709 -0.074542
v -1.278402 -0.184599 -0.074542
v -1.265121 -0.156878 -0.074542
v -1.255402 -0.126719 -0.074542
v -1.249433 -0.094297 -0.074542
v -1.247402 -0.059784 -0.074542
v -1.249490 -0.027339 -0.074542
v -1.255610 0.003360 -0.074542
v -1.265542 0.032107 -0.074542
v -1.279068 0.058698 -0.074542
v -1.295969 0.082927 -0.074542
v -1.316027 0.104591 -0.074542
v -1.339022 0.123484 -0.074542
v -1.364735 0.139401 -0.074542
v -1.392949 0.152138 -0.074542
v -1.423443 0.161489 -0.074542
v -1.456001 0.167250 -0.074542
v -1.491402 0.089216 -0.074542
v -1.469695 0.087926 -0.074542
v -1.449166 0.084147 -0.074542
v -1.429949 0.078013 -0.074542
v -1.412179 0.069661 -0.074542
v -1.395994 0.059225 -0.074542
v -1.381527 0.046841 -0.074542
v -1.368914 0.032645 -0.074542
v -1.358291 0.016772 -0.074542
v -1.349792 -0.000643 -0.074542
v -1.343554 -0.019464 -0.074542
v -1.339713 -0.039556 -0.074542
v -1.338402 -0.060784 -0.074542
v -1.339617 -0.084250 -0.074542
v -1.343207 -0.106094 -0.074542
v -1.349089 -0.126237 -0.074542
v -1.357179 -0.144599 -0.074542
v -1.367395 -0.161099 -0.074542
v -1.379652 -0.175659 -0.074542
v -1.393867 -0.188198 -0.074542
v -1.409957 -0.198636 -0.074542
v -1.427839 -0.206893 -0.074542
v -1.447429 -0.212890 -0.074542
v -1.468645 -0.216547 -0.074542
v -1.491402 -0.217784 -0.074542
v -1.512321 -0.216489 -0.074542
v -1.532004 -0.212677 -0.074542
v -1.550339 -0.206456 -0.074542
v -1.567217 -0.197932 -0.074542
v -1.582524 -0.187214 -0.074542
v -1.596152 -0.174409 -0.074542
v -1.607987 -0.159625 -0.074542
v -1.617920 -0.142969 -0.074542
v -1.625839 -0.124549 -0.074542
v -1.631633 -0.104474 -0.074542
v -1.635191 -0.082849 -0.074542
v -1.636402 -0.059784 -0.074542
v -1.635153 -0.038786 -0.074542
v -1.631494 -0.018886 -0.074542
v -1.625558 -0.000221 -0.074542
v -1.617476 0.017068 -0.074542
v -1.607380 0.032844 -0.074542
v -1.595402 0.046966 -0.074542
v -1.581674 0.059297 -0.074542
v -1.566328 0.069698 -0.074542
v -1.549495 0.078029 -0.074542
v -1.531309 0.084151 -0.074542
v -1.511901 0.087927 -0.074542
v -1.475402 0.365216 -0.074542
v -1.542402 0.218216 -0.074542
v -1.487402 0.218216 -0.074542
v -1.375402 0.365216 -0.074542
v -1.828402 0.160216 -0.074542
v -1.917402 0.160216 -0.074542
v -1.917402 -0.288784 -0.074542
v -1.828402 -0.288784 -0.074542
v -1.819402 0.296216 -0.074542
v -1.819891 0.303351 -0.074542
v -1.821314 0.310212 -0.074542
v -1.823605 0.316732 -0.074542
v -1.826698 0.322846 -0.074542
v -1.830527 0.328488 -0.074542
v -1.835027 0.333591 -0.074542
v -1.840130 0.338091 -0.074542
v -1.845772 0.341920 -0.074542
v -1.851886 0.345013 -0.074542
v -1.858406 0.347304 -0.074542
v -1.865267 0.348727 -0.074542
v -1.872402 0.349216 -0.074542
v -1.879537 0.348727 -0.074542
v -1.886397 0.347304 -0.074542
v -1.892917 0.345013 -0.074542
v -1.899031 0.341920 -0.074542
v -1.904673 0.338091 -0.074542
v -1.909777 0.333591 -0.074542
v -1.914276 0.328488 -0.074542
v -1.918105 0.322846 -0.074542
v -1.921198 0.316732 -0.074542
v -1.923490 0.310211 -0.074542
v -1.924913 0.303351 -0.074542
v -1.925402 0.296216 -0.074542
v -1.924913 0.289081 -0.074542
v -1.923490 0.282221 -0.074542
v -1.921199 0.275701 -0.074542
v -1.918105 0.269587 -0.074542
v -1.914276 0.263945 -0.074542
v -1.909777 0.258841 -0.074542
v -1.904673 0.254342 -0.074542
v -1.899031 0.250512 -0.074542
v -1.892917 0.247419 -0.074542
v -1.886397 0.245128 -0.074542
v -1.879537 0.243705 -0.074542
v -1.872402 0.243216 -0.074542
v -1.865267 0.243705 -0.074542
v -1.858406 0.245128 -0.074542
v -1.851886 0.247419 -0.074542
v -1.845772 0.250512 -0.074542
v -1.840130 0.254342 -0.074542
v -1.835027 0.258841 -0.074542
v -1.830527 0.263945 -0.074542
v -1.826698 0.269587 -0.074542
v -1.823605 0.275701 -0.074542
v -1.821314 0.282221 -0.074542
v -1.819891 0.289081 -0.074542
v -2.043402 0.132216 -0.074542
v -2.055070 0.138196 -0.074542
v -2.066582 0.143637 -0.074542
v -2.077949 0.148544 -0.074542
v -2.089180 0.152920 -0.074542
v -2.100286 0.156768 -0.074542
v -2.111277 0.160091 -0.074542
v -2.122164 0.162894 -0.074542
v -2.132957 0.165179 -0.074542
v -2.143668 0.166951 -0.074542
v -2.154305 0.168212 -0.074542
v -2.164879 0.168966 -0.074542
v -2.175402 0.169216 -0.074542
v -2.197220 0.168267 -0.074542
v -2.217615 0.165457 -0.074542
v -2.236495 0.160841 -0.074542
v -2.253772 0.154475 -0.074542
v -2.269354 0.146415 -0.074542
v -2.283152 0.136716 -0.074542
v -2.295074 0.125434 -0.074542
v -2.305031 0.112624 -0.074542
v -2.312933 0.098341 -0.074542
v -2.318689 0.082642 -0.074542
v -2.322208 0.065582 -0.074542
v -2.323402 0.047216 -0.074542
v -2.319270 0.018732 -0.074542
v -2.307846 -0.006492 -0.074542
v -2.290589 -0.028862 -0.074542
v -2.268957 -0.048784 -0.074542
v -2.244409 -0.066664 -0.074542
v -2.218402 -0.082909 -0.074542
v -2.192395 -0.097924 -0.074542
v -2.167846 -0.112117 -0.074542
v -2.146214 -0.125893 -0.074542
v -2.128957 -0.139659 -0.074542
v -2.117534 -0.153820 -0.074542
v -2.113402 -0.168784 -0.074542
v -2.114013 -0.176471 -0.074542
v -2.115790 -0.183534 -0.074542
v -2.118652 -0.189971 -0.074542
v -2.122513 -0.195784 -0.074542
v -2.127290 -0.200971 -0.074542
v -2.132902 -0.205534 -0.074542
v -2.139263 -0.209471 -0.074542
v -2.146291 -0.212784 -0.074542
v -2.153902 -0.215471 -0.074542
v -2.162013 -0.217534 -0.074542
v -2.170541 -0.218971 -0.074542
v -2.179402 -0.219784 -0.074542
v -2.188749 -0.219387 -0.074542
v -2.198763 -0.218191 -0.074542
v -2.209402 -0.216190 -0.074542
v -2.220624 -0.213376 -0.074542
v -2.232388 -0.209743 -0.074542
v -2.244652 -0.205284 -0.074542
v -2.257374 -0.199991 -0.074542
v -2.270513 -0.193858 -0.074542
v -2.284027 -0.186878 -0.074542
v -2.297874 -0.179043 -0.074542
v -2.312013 -0.170347 -0.074542
v -2.326402 -0.160784 -0.074542
v -2.326402 -0.256784 -0.074542
v -2.312199 -0.263893 -0.074542
v -2.298527 -0.270238 -0.074542
v -2.285292 -0.275846 -0.074542
v -2.272402 -0.280747 -0.074542
v -2.259761 -0.284967 -0.074542
v -2.247277 -0.288534 -0.074542
v -2.234855 -0.291476 -0.074542
v -2.222402 -0.293821 -0.074542
v -2.209824 -0.295596 -0.074542
v -2.197027 -0.296830 -0.074542
v -2.183917 -0.297550 -0.074542
v -2.170402 -0.297784 -0.074542
v -2.149634 -0.296695 -0.074542
v -2.129925 -0.293492 -0.074542
v -2.111417 -0.288268 -0.074542
v -2.094254 -0.281117 -0.074542
v -2.078576 -0.272133 -0.074542
v -2.064527 -0.261409 -0.074542
v -2.052248 -0.249039 -0.074542
v -2.041883 -0.235117 -0.074542
v -2.033574 -0.219737 -0.074542
v -2.027462 -0.202992 -0.074542
v -2.023691 -0.184977 -0.074542
v -2.022402 -0.165784 -0.074542
v -2.022976 -0.154577 -0.074542
v -2.024744 -0.143881 -0.074542
v -2.027777 -0.133581 -0.074542
v -2.032143 -0.123562 -0.074542
v -2.037911 -0.113709 -0.074542
v -2.045152 -0.103909 -0.074542
v -2.053934 -0.094046 -0.074542
v -2.064328 -0.084006 -0.074542
v -2.076402 -0.073674 -0.074542
v -2.090226 -0.062937 -0.074542
v -2.105869 -0.051678 -0.074542
v -2.123402 -0.039784 -0.074542
v -2.142142 -0.028732 -0.074542
v -2.158906 -0.018534 -0.074542
v -2.173761 -0.009128 -0.074542
v -2.186772 -0.000451 -0.074542
v -2.198005 0.007560 -0.074542
v -2.207527 0.014966 -0.074542
v -2.215402 0.021831 -0.074542
v -2.221698 0.028216 -0.074542
v -2.226480 0.034185 -0.074542
v -2.229814 0.039799 -0.074542
v -2.231766 0.045122 -0.074542
v -2.232402 0.050216 -0.074542
v -2.231928 0.056065 -0.074542
v -2.230531 0.061587 -0.074542
v -2.228245 0.066747 -0.074542
v -2.225105 0.071512 -0.074542
v -2.221146 0.075847 -0.074542
v -2.216402 0.079716 -0.074542
v -2.210907 0.083085 -0.074542
v -2.204698 0.085920 -0.074542
v -2.197808 0.088185 -0.074542
v -2.190272 0.089846 -0.074542
v -2.182125 0.090868 -0.074542
v -2.173402 0.091216 -0.074542
v -2.164866 0.090922 -0.074542
v -2.155786 0.090026 -0.074542
v -2.146199 0.088513 -0.074542
v -2.136142 0.086364 -0.074542
v -2.125656 0.083563 -0.074542
v -2.114777 0.080091 -0.074542
v -2.103544 0.075932 -0.074542
v -2.091994 0.071068 -0.074542
v -2.080167 0.065482 -0.074542
v -2.068101 0.059156 -0.074542
v -2.055833 0.052073 -0.074542
v -2.043402 0.044216 -0.074542
v -2.432402 0.160216 -0.074542
v -2.521402 0.160216 -0.074542
v -2.521402 -0.288784 -0.074542
v -2.432402 -0.288784 -0.074542
v -2.423402 0.296216 -0.074542
v -2.423891 0.303351 -0.074542
v -2.425314 0.310212 -0.074542
v -2.427605 0.316732 -0.074542
v -2.430698 0.322846 -0.074542
v -2.434527 0.328488 -0.074542
v -2.439027 0.333591 -0.074542
v -2.444130 0.338091 -0.074542
v -2.449772 0.341920 -0.074542
v -2.455886 0.345013 -0.074542
v -2.462406 0.347304 -0.074542
v -2.469267 0.348727 -0.074542
v -2.476402 0.349216 -0.074542
v -2.483537 0.348727 -0.074542
v -2.490397 0.347304 -0.074542
v -2.496917 0.345013 -0.074542
v -2.503031 0.341920 -0.074542
v -2.508673 0.338091 -0.074542
v -2.513777 0.333591 -0.074542
v -2.518276 0.328488 -0.074542
v -2.522105 0.322846 -0.074542
v -2.525199 0.316732 -0.074542
v -2.527490 0.310211 -0.074542
v -2.528913 0.303351 -0.074542
v -2.529402 0.296216 -0.074542
v -2.528913 0.289081 -0.074542
v -2.527490 0.282221 -0.074542
v -2.525199 0.275701 -0.074542
v -2.522105 0.269587 -0.074542
v -2.518276 0.263945 -0.074542
v -2.513777 0.258841 -0.074542
v -2.508673 0.254342 -0.074542
v -2.503031 0.250512 -0.074542
v -2.496917 0.247419 -0.074542
v -2.490397 0.245128 -0.074542
v -2.483536 0.243705 -0.074542
v -2.476402 0.243216 -0.074542
v -2.469267 0.243705 -0.074542
v -2.462406 0.245128 -0.074542
v -2.455886 0.247419 -0.074542
v -2.449772 0.250512 -0.074542
v -2.444130 0.254342 -0.074542
v -2.439027 0.258841 -0.074542
v -2.434527 0.263945 -0.074542
v -2.430698 0.269587 -0.074542
v -2.427605 0.275701 -0.074542
v -2.425314 0.282221 -0.074542
v -2.423891 0.289081 -0.074542
v -2.586402 0.393216 -0.074542
v -2.683402 0.393216 -0.074542
v -2.887402 -0.085784 -0.074542
v -3.092402 0.393216 -0.074542
v -3.190402 0.393216 -0.074542
v -2.895402 -0.294784 -0.074542
v -2.875402 -0.294784 -0.074542
v 2.888598 0.393216 0.074542
v 2.799598 0.393216 0.074542
v 2.799598 -0.288784 0.074542
v 2.888598 -0.288784 0.074542
v 2.718599 -0.208784 0.074542
v 2.713644 -0.212407 0.074542
v 2.708798 -0.215770 0.074542
v 2.704083 -0.218862 0.074542
v 2.699524 -0.221673 0.074542
v 2.695146 -0.224192 0.074542
v 2.690974 -0.226409 0.074542
v 2.687030 -0.228313 0.074542
v 2.683339 -0.229895 0.074542
v 2.679927 -0.231143 0.074542
v 2.676816 -0.232048 0.074542
v 2.674032 -0.232598 0.074542
v 2.671598 -0.232784 0.074542
v 2.668953 -0.232656 0.074542
v 2.666520 -0.232261 0.074542
v 2.664302 -0.231581 0.074542
v 2.662302 -0.230599 0.074542
v 2.660525 -0.229297 0.074542
v 2.658973 -0.227659 0.074542
v 2.657651 -0.225666 0.074542
v 2.656562 -0.223302 0.074542
v 2.655708 -0.220549 0.074542
v 2.655094 -0.217390 0.074542
v 2.654723 -0.213808 0.074542
v 2.654598 -0.209784 0.074542
v 2.654598 0.021216 0.074542
v 2.653129 0.045555 0.074542
v 2.648844 0.067596 0.074542
v 2.641927 0.087372 0.074542
v 2.632561 0.104920 0.074542
v 2.620932 0.120273 0.074542
v 2.607223 0.133466 0.074542
v 2.591618 0.144534 0.074542
v 2.574302 0.153512 0.074542
v 2.555458 0.160435 0.074542
v 2.535270 0.165337 0.074542
v 2.513922 0.168252 0.074542
v 2.491598 0.169216 0.074542
v 2.475681 0.168799 0.074542
v 2.460422 0.167545 0.074542
v 2.445817 0.165451 0.074542
v 2.431857 0.162512 0.074542
v 2.418537 0.158727 0.074542
v 2.405848 0.154091 0.074542
v 2.393785 0.148601 0.074542
v 2.382339 0.142253 0.074542
v 2.371505 0.135044 0.074542
v 2.361274 0.126971 0.074542
v 2.351641 0.118029 0.074542
v 2.342598 0.108216 0.074542
v 2.342598 0.011216 0.074542
v 2.353490 0.023386 0.074542
v 2.364645 0.034406 0.074542
v 2.376036 0.044294 0.074542
v 2.387635 0.053068 0.074542
v 2.399416 0.060745 0.074542
v 2.411349 0.067341 0.074542
v 2.423406 0.072875 0.074542
v 2.435561 0.077364 0.074542
v 2.447786 0.080826 0.074542
v 2.460052 0.083276 0.074542
v 2.472332 0.084734 0.074542
v 2.484598 0.085216 0.074542
v 2.497536 0.084731 0.074542
v 2.509349 0.083253 0.074542
v 2.520036 0.080747 0.074542
v 2.529598 0.077179 0.074542
v 2.538036 0.072514 0.074542
v 2.545348 0.066716 0.074542
v 2.551536 0.059752 0.074542
v 2.556598 0.051587 0.074542
v 2.560536 0.042185 0.074542
v 2.563349 0.031512 0.074542
v 2.565036 0.019534 0.074542
v 2.565598 0.006216 0.074542
v 2.565598 -0.017784 0.074542
v 2.486598 -0.045784 0.074542
v 2.468463 -0.052340 0.074542
v 2.450265 -0.059150 0.074542
v 2.432317 -0.066424 0.074542
v 2.414932 -0.074376 0.074542
v 2.398421 -0.083217 0.074542
v 2.383098 -0.093159 0.074542
v 2.369275 -0.104413 0.074542
v 2.357265 -0.117191 0.074542
v 2.347379 -0.131706 0.074542
v 2.339932 -0.148168 0.074542
v 2.335234 -0.166790 0.074542
v 2.333598 -0.187784 0.074542
v 2.334502 -0.202132 0.074542
v 2.337163 -0.216071 0.074542
v 2.341505 -0.229440 0.074542
v 2.347450 -0.242080 0.074542
v 2.354924 -0.253831 0.074542
v 2.363849 -0.264534 0.074542
v 2.374149 -0.274028 0.074542
v 2.385747 -0.282154 0.074542
v 2.398568 -0.288753 0.074542
v 2.412534 -0.293664 0.074542
v 2.427571 -0.296727 0.074542
v 2.443599 -0.297784 0.074542
v 2.453847 -0.297471 0.074542
v 2.464089 -0.296529 0.074542
v 2.474317 -0.294956 0.074542
v 2.484524 -0.292747 0.074542
v 2.494704 -0.289899 0.074542
v 2.504849 -0.286409 0.074542
v 2.514952 -0.282273 0.074542
v 2.525007 -0.277488 0.074542
v 2.535005 -0.272049 0.074542
v 2.544942 -0.265955 0.074542
v 2.554808 -0.259201 0.074542
v 2.564598 -0.251784 0.074542
v 2.566872 -0.259411 0.074542
v 2.569705 -0.266302 0.074542
v 2.573114 -0.272471 0.074542
v 2.577117 -0.277932 0.074542
v 2.581731 -0.282698 0.074542
v 2.586973 -0.286784 0.074542
v 2.592862 -0.290203 0.074542
v 2.599413 -0.292969 0.074542
v 2.606645 -0.295096 0.074542
v 2.614575 -0.296599 0.074542
v 2.623220 -0.297490 0.074542
v 2.632598 -0.297784 0.074542
v 2.639389 -0.297611 0.074542
v 2.645844 -0.297066 0.074542
v 2.652083 -0.296112 0.074542
v 2.658228 -0.294710 0.074542
v 2.664401 -0.292821 0.074542
v 2.670724 -0.290409 0.074542
v 2.677317 -0.287434 0.074542
v 2.684303 -0.283858 0.074542
v 2.691802 -0.279643 0.074542
v 2.699937 -0.274751 0.074542
v 2.708829 -0.269144 0.074542
v 2.718599 -0.262784 0.074542
v 2.565598 -0.197784 0.074542
v 2.559557 -0.203343 0.074542
v 2.553432 -0.208511 0.074542
v 2.547223 -0.213268 0.074542
v 2.540931 -0.217599 0.074542
v 2.534557 -0.221485 0.074542
v 2.528098 -0.224909 0.074542
v 2.521557 -0.227854 0.074542
v 2.514931 -0.230302 0.074542
v 2.508223 -0.232237 0.074542
v 2.501432 -0.233640 0.074542
v 2.494557 -0.234495 0.074542
v 2.487598 -0.234784 0.074542
v 2.478566 -0.234251 0.074542
v 2.470011 -0.232687 0.074542
v 2.461989 -0.230143 0.074542
v 2.454561 -0.226673 0.074542
v 2.447787 -0.222327 0.074542
v 2.441724 -0.217159 0.074542
v 2.436431 -0.211220 0.074542
v 2.431969 -0.204562 0.074542
v 2.428396 -0.197237 0.074542
v 2.425770 -0.189298 0.074542
v 2.424151 -0.180796 0.074542
v 2.423599 -0.171784 0.074542
v 2.424941 -0.159081 0.074542
v 2.428839 -0.147409 0.074542
v 2.435099 -0.136674 0.074542
v 2.443525 -0.126784 0.074542
v 2.453923 -0.117643 0.074542
v 2.466099 -0.109159 0.074542
v 2.479858 -0.101237 0.074542
v 2.495006 -0.093784 0.074542
v 2.511348 -0.086706 0.074542
v 2.528691 -0.079909 0.074542
v 2.546839 -0.073299 0.074542
v 2.565598 -0.066784 0.074542
v 2.242598 0.160216 0.074542
v 2.153599 0.160216 0.074542
v 2.153599 -0.288784 0.074542
v 2.242598 -0.288784 0.074542
v 2.251599 0.296216 0.074542
v 2.251109 0.303351 0.074542
v 2.249686 0.310212 0.074542
v 2.247395 0.316732 0.074542
v 2.244302 0.322846 0.074542
v 2.240473 0.328488 0.074542
v 2.235973 0.333591 0.074542
v 2.230870 0.338091 0.074542
v 2.225228 0.341920 0.074542
v 2.219114 0.345013 0.074542
v 2.212593 0.347304 0.074542
v 2.205733 0.348727 0.074542
v 2.198599 0.349216 0.074542
v 2.191464 0.348727 0.074542
v 2.184603 0.347304 0.074542
v 2.178083 0.345013 0.074542
v 2.171969 0.341920 0.074542
v 2.166327 0.338091 0.074542
v 2.161223 0.333591 0.074542
v 2.156724 0.328488 0.074542
v 2.152894 0.322846 0.074542
v 2.149801 0.316732 0.074542
v 2.147510 0.310211 0.074542
v 2.146087 0.303351 0.074542
v 2.145599 0.296216 0.074542
v 2.146088 0.289081 0.074542
v 2.147511 0.282221 0.074542
v 2.149802 0.275701 0.074542
v 2.152895 0.269587 0.074542
v 2.156725 0.263945 0.074542
v 2.161224 0.258841 0.074542
v 2.166328 0.254342 0.074542
v 2.171970 0.250512 0.074542
v 2.178084 0.247419 0.074542
v 2.184604 0.245128 0.074542
v 2.191465 0.243705 0.074542
v 2.198599 0.243216 0.074542
v 2.205734 0.243705 0.074542
v 2.212594 0.245128 0.074542
v 2.219115 0.247419 0.074542
v 2.225229 0.250512 0.074542
v 2.230870 0.254342 0.074542
v 2.235974 0.258841 0.074542
v 2.240474 0.263945 0.074542
v 2.244303 0.269587 0.074542
v 2.247396 0.275701 0.074542
v 2.249687 0.282221 0.074542
v 2.251110 0.289081 0.074542
v 2.043598 0.138216 0.074542
v 2.033001 0.142817 0.074542
v 2.022650 0.147110 0.074542
v 2.012458 0.151076 0.074542
v 2.002340 0.154698 0.074542
v 1.992207 0.157959 0.074542
v 1.981974 0.160841 0.074542
v 1.971553 0.163328 0.074542
v 1.960858 0.165401 0.074542
v 1.949802 0.167044 0.074542
v 1.938298 0.168239 0.074542
v 1.926259 0.168969 0.074542
v 1.913598 0.169216 0.074542
v 1.880661 0.167281 0.074542
v 1.849931 0.161568 0.074542
v 1.821536 0.152216 0.074542
v 1.795598 0.139364 0.074542
v 1.772244 0.123151 0.074542
v 1.751599 0.103716 0.074542
v 1.733786 0.081198 0.074542
v 1.718932 0.055735 0.074542
v 1.707161 0.027466 0.074542
v 1.698599 -0.003469 0.074542
v 1.693370 -0.036932 0.074542
v 1.691598 -0.072784 0.074542
v 1.693525 -0.104940 0.074542
v 1.699181 -0.135284 0.074542
v 1.708379 -0.163628 0.074542
v 1.720931 -0.189784 0.074542
v 1.736650 -0.213565 0.074542
v 1.755348 -0.234784 0.074542
v 1.776838 -0.253253 0.074542
v 1.800931 -0.268784 0.074542
v 1.827441 -0.281190 0.074542
v 1.856181 -0.290284 0.074542
v 1.886962 -0.295878 0.074542
v 1.919598 -0.297784 0.074542
v 1.931535 -0.297540 0.074542
v 1.943761 -0.296830 0.074542
v 1.956146 -0.295690 0.074542
v 1.968561 -0.294154 0.074542
v 1.980880 -0.292257 0.074542
v 1.992974 -0.290034 0.074542
v 2.004712 -0.287519 0.074542
v 2.015969 -0.284747 0.074542
v 2.026614 -0.281753 0.074542
v 2.036520 -0.278571 0.074542
v 2.045557 -0.275236 0.074542
v 2.053598 -0.271784 0.074542
v 2.053598 -0.183784 0.074542
v 2.042529 -0.188576 0.074542
v 2.031797 -0.192951 0.074542
v 2.021363 -0.196909 0.074542
v 2.011191 -0.200451 0.074542
v 2.001240 -0.203576 0.074542
v 1.991473 -0.206284 0.074542
v 1.981852 -0.208576 0.074542
v 1.972339 -0.210451 0.074542
v 1.962895 -0.211909 0.074542
v 1.953482 -0.212951 0.074542
v 1.944063 -0.213576 0.074542
v 1.934598 -0.213784 0.074542
v 1.912281 -0.212628 0.074542
v 1.891395 -0.209205 0.074542
v 1.872036 -0.203581 0.074542
v 1.854303 -0.195821 0.074542
v 1.838291 -0.185992 0.074542
v 1.824099 -0.174159 0.074542
v 1.811824 -0.160389 0.074542
v 1.801562 -0.144747 0.074542
v 1.793411 -0.127299 0.074542
v 1.787469 -0.108113 0.074542
v 1.783833 -0.087252 0.074542
v 1.782598 -0.064784 0.074542
v 1.783747 -0.042677 0.074542
v 1.787122 -0.021927 0.074542
v 1.792614 -0.002643 0.074542
v 1.800117 0.015068 0.074542
v 1.809523 0.031099 0.074542
v 1.820724 0.045341 0.074542
v 1.833612 0.057688 0.074542
v 1.848080 0.068031 0.074542
v 1.864021 0.076263 0.074542
v 1.881325 0.082276 0.074542
v 1.899887 0.085963 0.074542
v 1.919598 0.087216 0.074542
v 1.929257 0.087000 0.074542
v 1.938783 0.086318 0.074542
v 1.948254 0.085122 0.074542
v 1.957746 0.083364 0.074542
v 1.967335 0.080995 0.074542
v 1.977098 0.077966 0.074542
v 1.987111 0.074229 0.074542
v 1.997450 0.069735 0.074542
v 2.008192 0.064435 0.074542
v 2.019413 0.058281 0.074542
v 2.031189 0.051224 0.074542
v 2.043598 0.043216 0.074542
v 1.585598 0.160216 0.074542
v 1.496598 0.160216 0.074542
v 1.496598 -0.288784 0.074542
v 1.585598 -0.288784 0.074542
v 1.594599 0.296216 0.074542
v 1.594109 0.303351 0.074542
v 1.592686 0.310212 0.074542
v 1.590395 0.316732 0.074542
v 1.587302 0.322846 0.074542
v 1.583472 0.328488 0.074542
v 1.578973 0.333591 0.074542
v 1.573869 0.338091 0.074542
v 1.568228 0.341920 0.074542
v 1.562114 0.345013 0.074542
v 1.555593 0.347304 0.074542
v 1.548733 0.348727 0.074542
v 1.541599 0.349216 0.074542
v 1.534464 0.348727 0.074542
v 1.527603 0.347304 0.074542
v 1.521083 0.345013 0.074542
v 1.514969 0.341920 0.074542
v 1.509327 0.338091 0.074542
v 1.504223 0.333591 0.074542
v 1.499724 0.328488 0.074542
v 1.495894 0.322846 0.074542
v 1.492801 0.316732 0.074542
v 1.490510 0.310211 0.074542
v 1.489087 0.303351 0.074542
v 1.488599 0.296216 0.074542
v 1.489088 0.289081 0.074542
v 1.490511 0.282221 0.074542
v 1.492802 0.275701 0.074542
v 1.495895 0.269587 0.074542
v 1.499725 0.263945 0.074542
v 1.504224 0.258841 0.074542
v 1.509328 0.254342 0.074542
v 1.514970 0.250512 0.074542
v 1.521084 0.247419 0.074542
v 1.527604 0.245128 0.074542
v 1.534465 0.243705 0.074542
v 1.541599 0.243216 0.074542
v 1.548733 0.243705 0.074542
v 1.555594 0.245128 0.074542
v 1.562114 0.247419 0.074542
v 1.568228 0.250512 0.074542
v 1.573870 0.254342 0.074542
v 1.578974 0.258841 0.074542
v 1.583473 0.263945 0.074542
v 1.587303 0.269587 0.074542
v 1.590396 0.275701 0.074542
v 1.592687 0.282221 0.074542
v 1.594110 0.289081 0.074542
v 1.477598 0.393216 0.074542
v 1.458653 0.397894 0.074542
v 1.440784 0.400975 0.074542
v 1.423942 0.402529 0.074542
v 1.408080 0.402624 0.074542
v 1.393148 0.401330 0.074542
v 1.379099 0.398716 0.074542
v 1.365882 0.394853 0.074542
v 1.353451 0.389809 0.074542
v 1.341755 0.383654 0.074542
v 1.330747 0.376457 0.074542
v 1.320378 0.368288 0.074542
v 1.310599 0.359216 0.074542
v 1.301914 0.350068 0.074542
v 1.293876 0.340531 0.074542
v 1.286505 0.330466 0.074542
v 1.279821 0.319735 0.074542
v 1.273845 0.308198 0.074542
v 1.268599 0.295716 0.074542
v 1.264102 0.282151 0.074542
v 1.260377 0.267364 0.074542
v 1.257443 0.251216 0.074542
v 1.255321 0.233568 0.074542
v 1.254033 0.214281 0.074542
v 1.253598 0.193216 0.074542
v 1.253598 0.160216 0.074542
v 1.190598 0.160216 0.074542
v 1.190598 0.080216 0.074542
v 1.253598 0.080216 0.074542
v 1.253598 -0.288784 0.074542
v 1.342598 -0.288784 0.074542
v 1.342598 0.080216 0.074542
v 1.423599 0.080216 0.074542
v 1.423599 0.160216 0.074542
v 1.342598 0.160216 0.074542
v 1.342598 0.203216 0.074542
v 1.343092 0.219895 0.074542
v 1.344635 0.235397 0.074542
v 1.347317 0.249669 0.074542
v 1.351228 0.262661 0.074542
v 1.356458 0.274319 0.074542
v 1.363098 0.284591 0.074542
v 1.371238 0.293426 0.074542
v 1.380969 0.300772 0.074542
v 1.392380 0.306576 0.074542
v 1.405561 0.310786 0.074542
v 1.420604 0.313350 0.074542
v 1.437598 0.314216 0.074542
v 1.441460 0.314173 0.074542
v 1.445075 0.314040 0.074542
v 1.448488 0.313810 0.074542
v 1.451746 0.313475 0.074542
v 1.454893 0.313030 0.074542
v 1.457973 0.312466 0.074542
v 1.461033 0.311778 0.074542
v 1.464116 0.310957 0.074542
v 1.467270 0.309997 0.074542
v 1.470537 0.308892 0.074542
v 1.473965 0.307634 0.074542
v 1.477598 0.306216 0.074542
v 1.116598 0.160216 0.074542
v 1.027599 0.160216 0.074542
v 1.027599 -0.288784 0.074542
v 1.116598 -0.288784 0.074542
v 1.125599 0.296216 0.074542
v 1.125109 0.303351 0.074542
v 1.123687 0.310212 0.074542
v 1.121395 0.316732 0.074542
v 1.118302 0.322846 0.074542
v 1.114473 0.328488 0.074542
v 1.109973 0.333591 0.074542
v 1.104870 0.338091 0.074542
v 1.099228 0.341920 0.074542
v 1.093114 0.345013 0.074542
v 1.086593 0.347304 0.074542
v 1.079733 0.348727 0.074542
v 1.072599 0.349216 0.074542
v 1.065464 0.348727 0.074542
v 1.058603 0.347304 0.074542
v 1.052083 0.345013 0.074542
v 1.045969 0.341920 0.074542
v 1.040327 0.338091 0.074542
v 1.035223 0.333591 0.074542
v 1.030724 0.328488 0.074542
v 1.026894 0.322846 0.074542
v 1.023801 0.316732 0.074542
v 1.021510 0.310211 0.074542
v 1.020087 0.303351 0.074542
v 1.019599 0.296216 0.074542
v 1.020088 0.289081 0.074542
v 1.021511 0.282221 0.074542
v 1.023802 0.275701 0.074542
v 1.026895 0.269587 0.074542
v 1.030725 0.263945 0.074542
v 1.035224 0.258841 0.074542
v 1.040328 0.254342 0.074542
v 1.045970 0.250512 0.074542
v 1.052084 0.247419 0.074542
v 1.058604 0.245128 0.074542
v 1.065465 0.243705 0.074542
v 1.072599 0.243216 0.074542
v 1.079734 0.243705 0.074542
v 1.086594 0.245128 0.074542
v 1.093115 0.247419 0.074542
v 1.099229 0.250512 0.074542
v 1.104871 0.254342 0.074542
v 1.109974 0.258841 0.074542
v 1.114474 0.263945 0.074542
v 1.118303 0.269587 0.074542
v 1.121396 0.275701 0.074542
v 1.123688 0.282221 0.074542
v 1.125110 0.289081 0.074542
v 0.796598 0.253216 0.074542
v 0.629598 0.090216 0.074542
v 0.629598 0.080216 0.074542
v 0.707598 0.080216 0.074542
v 0.707598 -0.156784 0.074542
v 0.708619 -0.176574 0.074542
v 0.711677 -0.195353 0.074542
v 0.716770 -0.212987 0.074542
v 0.723895 -0.229339 0.074542
v 0.733047 -0.244275 0.074542
v 0.744223 -0.257659 0.074542
v 0.757421 -0.269355 0.074542
v 0.772635 -0.279228 0.074542
v 0.789864 -0.287143 0.074542
v 0.809103 -0.292964 0.074542
v 0.830349 -0.296556 0.074542
v 0.853598 -0.297784 0.074542
v 0.861223 -0.297518 0.074542
v 0.869515 -0.296742 0.074542
v 0.878349 -0.295487 0.074542
v 0.887599 -0.293784 0.074542
v 0.897140 -0.291664 0.074542
v 0.906849 -0.289159 0.074542
v 0.916599 -0.286299 0.074542
v 0.926265 -0.283117 0.074542
v 0.935724 -0.279643 0.074542
v 0.944849 -0.275909 0.074542
v 0.953516 -0.271945 0.074542
v 0.961599 -0.267784 0.074542
v 0.961599 -0.184784 0.074542
v 0.952660 -0.190055 0.074542
v 0.943839 -0.194867 0.074542
v 0.935130 -0.199221 0.074542
v 0.926524 -0.203117 0.074542
v 0.918016 -0.206555 0.074542
v 0.909599 -0.209534 0.074542
v 0.901264 -0.212055 0.074542
v 0.893006 -0.214117 0.074542
v 0.884817 -0.215721 0.074542
v 0.876691 -0.216867 0.074542
v 0.868620 -0.217555 0.074542
v 0.860598 -0.217784 0.074542
v 0.853877 -0.217458 0.074542
v 0.846830 -0.216427 0.074542
v 0.839629 -0.214612 0.074542
v 0.832450 -0.211932 0.074542
v 0.825465 -0.208308 0.074542
v 0.818848 -0.203659 0.074542
v 0.812773 -0.197906 0.074542
v 0.807413 -0.190969 0.074542
v 0.802942 -0.182768 0.074542
v 0.799533 -0.173224 0.074542
v 0.797361 -0.162255 0.074542
v 0.796598 -0.149784 0.074542
v 0.796598 0.080216 0.074542
v 0.938598 0.080216 0.074542
v 0.938598 0.160216 0.074542
v 0.796598 0.160216 0.074542
v 0.302598 0.160216 0.074542
v 0.302598 -0.288784 0.074542
v 0.391598 -0.288784 0.074542
v 0.391598 -0.053784 0.074542
v 0.392578 -0.034893 0.074542
v 0.395436 -0.016826 0.074542
v 0.400051 0.000263 0.074542
v 0.406302 0.016216 0.074542
v 0.414067 0.030878 0.074542
v 0.423223 0.044091 0.074542
v 0.433651 0.055701 0.074542
v 0.445228 0.065549 0.074542
v 0.457833 0.073482 0.074542
v 0.471344 0.079341 0.074542
v 0.485640 0.082971 0.074542
v 0.500598 0.084216 0.074542
v 0.506127 0.083847 0.074542
v 0.512163 0.082762 0.074542
v 0.518630 0.080997 0.074542
v 0.525450 0.078587 0.074542
v 0.532549 0.075565 0.074542
v 0.539848 0.071966 0.074542
v 0.547273 0.067826 0.074542
v 0.554747 0.063179 0.074542
v 0.562192 0.058060 0.074542
v 0.569534 0.052503 0.074542
v 0.576694 0.046544 0.074542
v 0.583598 0.040216 0.074542
v 0.630599 0.117216 0.074542
v 0.621408 0.125592 0.074542
v 0.612325 0.133221 0.074542
v 0.603333 0.140107 0.074542
v 0.594414 0.146253 0.074542
v 0.585550 0.151664 0.074542
v 0.576724 0.156341 0.074542
v 0.567919 0.160290 0.074542
v 0.559117 0.163512 0.074542
v 0.550302 0.166013 0.074542
v 0.541455 0.167795 0.074542
v 0.532560 0.168861 0.074542
v 0.523598 0.169216 0.074542
v 0.513077 0.168521 0.074542
v 0.502511 0.166406 0.074542
v 0.491895 0.162826 0.074542
v 0.481228 0.157735 0.074542
v 0.470505 0.151088 0.074542
v 0.459723 0.142841 0.074542
v 0.448879 0.132948 0.074542
v 0.437969 0.121364 0.074542
v 0.426989 0.108044 0.074542
v 0.415937 0.092943 0.074542
v 0.404808 0.076015 0.074542
v 0.393599 0.057216 0.074542
v 0.391598 0.057216 0.074542
v 0.391598 0.160216 0.074542
v -0.071402 0.397216 0.074542
v -0.140402 0.397216 0.074542
v -0.433402 -0.288784 0.074542
v -0.333402 -0.288784 0.074542
v -0.247401 -0.087784 0.074542
v 0.042598 -0.087784 0.074542
v 0.133599 -0.288784 0.074542
v 0.233598 -0.288784 0.074542
v -0.107402 0.247216 0.074542
v 0.002599 0.000216 0.074542
v -0.209402 0.000216 0.074542
v -1.061402 0.160216 0.074542
v -1.150402 0.160216 0.074542
v -1.150402 -0.288784 0.074542
v -1.061402 -0.288784 0.074542
v -1.061402 0.033216 0.074542
v -1.051120 0.044368 0.074542
v -1.041230 0.054350 0.074542
v -1.031667 0.063201 0.074542
v -1.022365 0.070957 0.074542
v -1.013257 0.077658 0.074542
v -1.004277 0.083341 0.074542
v -0.995359 0.088045 0.074542
v -0.986439 0.091809 0.074542
v -0.977448 0.094669 0.074542
v -0.968323 0.096665 0.074542
v -0.958996 0.097835 0.074542
v -0.949402 0.098216 0.074542
v -0.936327 0.097332 0.074542
v -0.924133 0.094725 0.074542
v -0.912871 0.090466 0.074542
v -0.902587 0.084624 0.074542
v -0.893331 0.077267 0.074542
v -0.885152 0.068466 0.074542
v -0.878098 0.058290 0.074542
v -0.872217 0.046809 0.074542
v -0.867558 0.034091 0.074542
v -0.864171 0.020207 0.074542
v -0.862102 0.005225 0.074542
v -0.861402 -0.010784 0.074542
v -0.861402 -0.288784 0.074542
v -0.772402 -0.288784 0.074542
v -0.772402 -0.011784 0.074542
v -0.773789 0.017616 0.074542
v -0.777832 0.044332 0.074542
v -0.784355 0.068388 0.074542
v -0.793179 0.089809 0.074542
v -0.804129 0.108618 0.074542
v -0.817026 0.124841 0.074542
v -0.831695 0.138501 0.074542
v -0.847957 0.149624 0.074542
v -0.865636 0.158232 0.074542
v -0.884554 0.164350 0.074542
v -0.904535 0.168004 0.074542
v -0.925402 0.169216 0.074542
v -0.937892 0.168699 0.074542
v -0.950328 0.167165 0.074542
v -0.962652 0.164638 0.074542
v -0.974809 0.161142 0.074542
v -0.986744 0.156702 0.074542
v -0.998402 0.151341 0.074542
v -1.009726 0.145085 0.074542
v -1.020661 0.137957 0.074542
v -1.031152 0.129982 0.074542
v -1.041143 0.121184 0.074542
v -1.050578 0.111587 0.074542
v -1.059402 0.101216 0.074542
v -1.061402 0.101216 0.074542
v -1.490402 0.169216 0.074542
v -1.523214 0.167174 0.074542
v -1.554485 0.161212 0.074542
v -1.583964 0.151576 0.074542
v -1.611402 0.138513 0.074542
v -1.636548 0.122269 0.074542
v -1.659152 0.103091 0.074542
v -1.678964 0.081226 0.074542
v -1.695735 0.056920 0.074542
v -1.709214 0.030419 0.074542
v -1.719152 0.001971 0.074542
v -1.725298 -0.028179 0.074542
v -1.727402 -0.059784 0.074542
v -1.725374 -0.093456 0.074542
v -1.719429 -0.125330 0.074542
v -1.709777 -0.155190 0.074542
v -1.696624 -0.182821 0.074542
v -1.680180 -0.208007 0.074542
v -1.660652 -0.230534 0.074542
v -1.638249 -0.250185 0.074542
v -1.613180 -0.266747 0.074542
v -1.585652 -0.280003 0.074542
v -1.555874 -0.289738 0.074542
v -1.524055 -0.295736 0.074542
v -1.490402 -0.297784 0.074542
v -1.455370 -0.295813 0.074542
v -1.422402 -0.290015 0.074542
v -1.391683 -0.280565 0.074542
v -1.363402 -0.267636 0.074542
v -1.337745 -0.251401 0.074542
v -1.314902 -0.232034 0.074542
v -1.295058 -0.209709 0.074542
v -1.278402 -0.184599 0.074542
v -1.265121 -0.156878 0.074542
v -1.255402 -0.126719 0.074542
v -1.249433 -0.094297 0.074542
v -1.247402 -0.059784 0.074542
v -1.249490 -0.027339 0.074542
v -1.255610 0.003360 0.074542
v -1.265542 0.032107 0.074542
v -1.279068 0.058698 0.074542
v -1.295969 0.082927 0.074542
v -1.316027 0.104591 0.074542
v -1.339022 0.123484 0.074542
v -1.364735 0.139401 0.074542
v -1.392949 0.152138 0.074542
v -1.423443 0.161489 0.074542
v -1.456001 0.167250 0.074542
v -1.491402 0.089216 0.074542
v -1.469695 0.087926 0.074542
v -1.449166 0.084147 0.074542
v -1.429949 0.078013 0.074542
v -1.412179 0.069661 0.074542
v -1.395994 0.059225 0.074542
v -1.381527 0.046841 0.074542
v -1.368914 0.032645 0.074542
v -1.358291 0.016772 0.074542
v -1.349792 -0.000643 0.074542
v -1.343554 -0.019464 0.074542
v -1.339713 -0.039556 0.074542
v -1.338402 -0.060784 0.074542
v -1.339617 -0.084250 0.074542
v -1.343207 -0.106094 0.074542
v -1.349089 -0.126237 0.074542
v -1.357179 -0.144599 0.074542
v -1.367395 -0.161099 0.074542
v -1.379652 -0.175659 0.074542
v -1.393867 -0.188198 0.074542
v -1.409957 -0.198636 0.074542
v -1.427839 -0.206893 0.074542
v -1.447429 -0.212890 0.074542
v -1.468645 -0.216547 0.074542
v -1.491402 -0.217784 0.074542
v -1.512321 -0.216489 0.074542
v -1.532004 -0.212677 0.074542
v -1.550339 -0.206456 0.074542
v -1.567217 -0.197932 0.074542
v -1.582524 -0.187214 0.074542
v -1.596152 -0.174409 0.074542
v -1.607987 -0.159625 0.074542
v -1.617920 -0.142969 0.074542
v -1.625839 -0.124549 0.074542
v -1.631633 -0.104474 0.074542
v -1.635191 -0.082849 0.074542
v -1.636402 -0.059784 0.074542
v -1.635153 -0.038786 0.074542
v -1.631494 -0.018886 0.074542
v -1.625558 -0.000221 0.074542
v -1.617476 0.017068 0.074542
v -1.607380 0.032843 0.074542
v -1.595402 0.046966 0.074542
v -1.581674 0.059297 0.074542
v -1.566328 0.069698 0.074542
v -1.549495 0.078029 0.074542
v -1.531309 0.084151 0.074542
v -1.511901 0.087927 0.074542
v -1.475402 0.365216 0.074542
v -1.542402 0.218216 0.074542
v -1.487402 0.218216 0.074542
v -1.375402 0.365216 0.074542
v -1.828402 0.160216 0.074542
v -1.917402 0.160216 0.074542
v -1.917402 -0.288784 0.074542
v -1.828402 -0.288784 0.074542
v -1.819402 0.296216 0.074542
v -1.819891 0.303351 0.074542
v -1.821314 0.310212 0.074542
v -1.823605 0.316732 0.074542
v -1.826698 0.322846 0.074542
v -1.830527 0.328488 0.074542
v -1.835027 0.333591 0.074542
v -1.840130 0.338091 0.074542
v -1.845772 0.341920 0.074542
v -1.851886 0.345013 0.074542
v -1.858406 0.347304 0.074542
v -1.865267 0.348727 0.074542
v -1.872402 0.349216 0.074542
v -1.879537 0.348727 0.074542
v -1.886397 0.347304 0.074542
v -1.892917 0.345013 0.074542
v -1.899031 0.341920 0.074542
v -1.904673 0.338091 0.074542
v -1.909777 0.333591 0.074542
v -1.914276 0.328488 0.074542
v -1.918105 0.322846 0.074542
v -1.921198 0.316732 0.074542
v -1.923490 0.310211 0.074542
v -1.924913 0.303351 0.074542
v -1.925402 0.296216 0.074542
v -1.924913 0.289081 0.074542
v -1.923490 0.282221 0.074542
v -1.921199 0.275701 0.074542
v -1.918105 0.269587 0.074542
v -1.914276 0.263945 0.074542
v -1.909777 0.258841 0.074542
v -1.904673 0.254342 0.074542
v -1.899031 0.250512 0.074542
v -1.892917 0.247419 0.074542
v -1.886397 0.245128 0.074542
v -1.879537 0.243705 0.074542
v -1.872402 0.243216 0.074542
v -1.865267 0.243705 0.074542
v -1.858406 0.245128 0.074542
v -1.851886 0.247419 0.074542
v -1.845772 0.250512 0.074542
v -1.840130 0.254342 0.074542
v -1.835027 0.258841 0.074542
v -1.830527 0.263945 0.074542
v -1.826698 0.269587 0.074542
v -1.823605 0.275701 0.074542
v -1.821314 0.282221 0.074542
v -1.819891 0.289081 0.074542
v -2.043402 0.132216 0.074542
v -2.055070 0.138196 0.074542
v -2.066582 0.143637 0.074542
v -2.077949 0.148544 0.074542
v -2.089180 0.152920 0.074542
v -2.100286 0.156768 0.074542
v -2.111277 0.160091 0.074542
v -2.122164 0.162894 0.074542
v -2.132957 0.165179 0.074542
v -2.143668 0.166951 0.074542
v -2.154305 0.168212 0.074542
v -2.164879 0.168966 0.074542
v -2.175402 0.169216 0.074542
v -2.197220 0.168267 0.074542
v -2.217615 0.165457 0.074542
v -2.236495 0.160841 0.074542
v -2.253772 0.154475 0.074542
v -2.269354 0.146415 0.074542
v -2.283152 0.136716 0.074542
v -2.295074 0.125434 0.074542
v -2.305031 0.112624 0.074542
v -2.312933 0.098341 0.074542
v -2.318689 0.082642 0.074542
v -2.322208 0.065582 0.074542
v -2.323402 0.047216 0.074542
v -2.319270 0.018732 0.074542
v -2.307846 -0.006492 0.074542
v -2.290589 -0.028862 0.074542
v -2.268957 -0.048784 0.074542
v -2.244409 -0.066664 0.074542
v -2.218402 -0.082909 0.074542
v -2.192395 -0.097924 0.074542
v -2.167846 -0.112117 0.074542
v -2.146214 -0.125893 0.074542
v -2.128957 -0.139659 0.074542
v -2.117534 -0.153820 0.074542
v -2.113402 -0.168784 0.074542
v -2.114013 -0.176471 0.074542
v -2.115790 -0.183534 0.074542
v -2.118652 -0.189971 0.074542
v -2.122513 -0.195784 0.074542
v -2.127290 -0.200971 0.074542
v -2.132902 -0.205534 0.074542
v -2.139263 -0.209471 0.074542
v -2.146291 -0.212784 0.074542
v -2.153902 -0.215471 0.074542
v -2.162013 -0.217534 0.074542
v -2.170541 -0.218971 0.074542
v -2.179402 -0.219784 0.074542
v -2.188749 -0.219387 0.074542
v -2.198763 -0.218191 0.074542
v -2.209402 -0.216190 0.074542
v -2.220624 -0.213376 0.074542
v -2.232388 -0.209743 0.074542
v -2.244652 -0.205284 0.074542
v -2.257374 -0.199991 0.074542
v -2.270513 -0.193858 0.074542
v -2.284027 -0.186878 0.074542
v -2.297874 -0.179043 0.074542
v -2.312013 -0.170347 0.074542
v -2.326402 -0.160784 0.074542
v -2.326402 -0.256784 0.074542
v -2.312199 -0.263893 0.074542
v -2.298527 -0.270238 0.074542
v -2.285292 -0.275846 0.074542
v -2.272402 -0.280747 0.074542
v -2.259761 -0.284967 0.074542
v -2.247277 -0.288534 0.074542
v -2.234855 -0.291476 0.074542
v -2.222402 -0.293821 0.074542
v -2.209824 -0.295596 0.074542
v -2.197027 -0.296830 0.074542
v -2.183917 -0.297550 0.074542
v -2.170402 -0.297784 0.074542
v -2.149634 -0.296695 0.074542
v -2.129925 -0.293492 0.074542
v -2.111417 -0.288268 0.074542
v -2.094254 -0.281117 0.074542
v -2.078576 -0.272133 0.074542
v -2.064527 -0.261409 0.074542
v -2.052248 -0.249039 0.074542
v -2.041883 -0.235117 0.074542
v -2.033574 -0.219737 0.074542
v -2.027462 -0.202992 0.074542
v -2.023691 -0.184977 0.074542
v -2.022402 -0.165784 0.074542
v -2.022976 -0.154577 0.074542
v -2.024744 -0.143881 0.074542
v -2.027777 -0.133581 0.074542
v -2.032143 -0.123562 0.074542
v -2.037911 -0.113709 0.074542
v -2.045152 -0.103909 0.074542
v -2.053934 -0.094046 0.074542
v -2.064328 -0.084006 0.074542
v -2.076402 -0.073674 0.074542
v -2.090226 -0.062937 0.074542
v -2.105869 -0.051678 0.074542
v -2.123402 -0.039784 0.074542
v -2.142142 -0.028732 0.074542
v -2.158906 -0.018534 0.074542
v -2.173761 -0.009128 0.074542
v -2.186772 -0.000451 0.074542
v -2.198005 0.007560 0.074542
v -2.207527 0.014966 0.074542
v -2.215402 0.021831 0.074542
v -2.221698 0.028216 0.074542
v -2.226480 0.034185 0.074542
v -2.229814 0.039799 0.074542
v -2.231766 0.045122 0.074542
v -2.232402 0.050216 0.074542
v -2.231928 0.056065 0.074542
v -2.230531 0.061587 0.074542
v -2.228245 0.066747 0.074542
v -2.225105 0.071512 0.074542
v -2.221146 0.075847 0.074542
v -2.216402 0.079716 0.074542
v -2.210907 0.083085 0.074542
v -2.204698 0.085920 0.074542
v -2.197808 0.088185 0.074542
v -2.190272 0.089846 0.074542
v -2.182125 0.090868 0.074542
v -2.173402 0.091216 0.074542
v -2.164866 0.090922 0.074542
v -2.155786 0.090026 0.074542
v -2.146199 0.088513 0.074542
v -2.136142 0.086364 0.074542
v -2.125656 0.083563 0.074542
v -2.114777 0.080091 0.074542
v -2.103544 0.075932 0.074542
v -2.091994 0.071068 0.074542
v -2.080167 0.065482 0.074542
v -2.068101 0.059156 0.074542
v -2.055833 0.052073 0.074542
v -2.043402 0.044216 0.074542
v -2.432402 0.160216 0.074542
v -2.521402 0.160216 0.074542
v -2.521402 -0.288784 0.074542
v -2.432402 -0.288784 0.074542
v -2.423402 0.296216 0.074542
v -2.423891 0.303351 0.074542
v -2.425314 0.310212 0.074542
v -2.427605 0.316732 0.074542
v -2.430698 0.322846 0.074542
v -2.434527 0.328488 0.074542
v -2.439027 0.333591 0.074542
v -2.444130 0.338091 0.074542
v -2.449772 0.341920 0.074542
v -2.455886 0.345013 0.074542
v -2.462406 0.347304 0.074542
v -2.469267 0.348727 0.074542
v -2.476402 0.349216 0.074542
v -2.483537 0.348727 0.074542
v -2.490397 0.347304 0.074542
v -2.496917 0.345013 0.074542
v -2.503031 0.341920 0.074542
v -2.508673 0.338091 0.074542
v -2.513777 0.333591 0.074542
v -2.518276 0.328488 0.074542
v -2.522105 0.322846 0.074542
v -2.525199 0.316732 0.074542
v -2.527490 0.310211 0.074542
v -2.528913 0.303351 0.074542
v -2.529402 0.296216 0.074542
v -2.528913 0.289081 0.074542
v -2.527490 0.282221 0.074542
v -2.525199 0.275701 0.074542
v -2.522105 0.269587 0.074542
v -2.518276 0.263945 0.074542
v -2.513777 0.258841 0.074542
v -2.508673 0.254342 0.074542
v -2.503031 0.250512 0.074542
v -2.496917 0.247419 0.074542
v -2.490397 0.245128 0.074542
v -2.483536 0.243705 0.074542
v -2.476402 0.243216 0.074542
v -2.469267 0.243705 0.074542
v -2.462406 0.245128 0.074542
v -2.455886 0.247419 0.074542
v -2.449772 0.250512 0.074542
v -2.444130 0.254342 0.074542
v -2.439027 0.258841 0.074542
v -2.434527 0.263945 0.074542
v -2.430698 0.269587 0.074542
v -2.427605 0.275701 0.074542
v -2.425314 0.282221 0.074542
v -2.423891 0.289081 0.074542
v -2.586402 0.393216 0.074542
v -2.683402 0.393216 0.074542
v -2.887402 -0.085784 0.074542
v -3.092402 0.393216 0.074542
v -3.190402 0.393216 0.074542
v -2.895402 -0.294784 0.074542
v -2.875402 -0.294784 0.074542
vn -0.0000 -0.0000 -1.0000
vn -0.0000 -0.0000 1.0000
vn 0.2932 0.9561 -0.0000
vn -0.0286 0.9996 -0.0000
vn -0.0000 1.0000 -0.0000
vn -0.4809 -0.8768 -0.0000
vn 0.2499 -0.9683 -0.0000
vn 0.7954 -0.6060 -0.0000
vn 0.3983 0.9173 -0.0000
vn -0.7476 -0.6642 -0.0000
vn 0.8333 -0.5528 -0.0000
vn -0.1922 0.9813 -0.0000
vn 0.6934 0.7205 -0.0000
vn -0.4425 -0.8968 -0.0000
vn 0.3830 0.9237 -0.0000
vn 0.1407 -0.9901 -0.0000
vn 0.5785 0.8157 -0.0000
vn -0.9151 0.4032 -0.0000
vn 0.1811 -0.9835 -0.0000
vn 0.9018 -0.4321 -0.0000
vn 0.1808 -0.9835 -0.0000
vn -0.6213 -0.7836 -0.0000
vn -0.0849 0.9964 -0.0000
vn -0.9794 0.2020 -0.0000
vn 0.4603 0.8878 -0.0000
vn -0.9599 0.2803 -0.0000
vn -0.1934 0.9811 -0.0000
vn 0.2169 -0.9762 -0.0000
vn 0.0399 -0.9992 -0.0000
vn 0.9518 -0.3067 -0.0000
vn 0.2095 -0.9778 -0.0000
vn -0.1396 0.9902 -0.0000
vn -0.4839 -0.8751 -0.0000
vn -0.2317 0.9728 -0.0000
vn 0.0424 0.9991 -0.0000
vn 0.3448 0.9387 -0.0000
vn -0.9868 0.1622 -0.0000
vn -0.3986 -0.9171 -0.0000
vn 0.3448 -0.9387 -0.0000
vn 0.2925 -0.9563 -0.0000
vn 0.9835 -0.1810 -0.0000
vn 0.3626 0.9319 -0.0000
vn -0.0548 -0.9985 -0.0000
vn 1.0000 -0.0000 -0.0000
vn 0.4409 0.8976 -0.0000
vn -0.9987 0.0517 -0.0000
vn -0.5079 0.8614 -0.0000
vn 0.1185 0.9929 -0.0000
vn 0.9983 -0.0588 -0.0000
vn -0.3497 -0.9369 -0.0000
vn 0.2225 -0.9749 -0.0000
vn 0.3370 0.9415 -0.0000
vn -0.4790 0.8778 -0.0000
vn 0.1245 -0.9922 -0.0000
vn -0.9981 -0.0616 -0.0000
vn 0.3064 0.9519 -0.0000
vn 0.3787 -0.9255 -0.0000
vn 0.1512 -0.9885 -0.0000
vn 0.9979 0.0642 -0.0000
vn -0.0435 0.9991 -0.0000
vn -0.3336 0.9427 -0.0000
vn -0.0960 -0.9954 -0.0000
vn 0.0841 -0.9965 -0.0000
vn -0.2963 -0.9551 -0.0000
vn 0.4159 -0.9094 -0.0000
vn 0.5908 0.8068 -0.0000
vn -0.9822 -0.1878 -0.0000
vn 0.2711 0.9625 -0.0000
vn 0.9807 0.1955 -0.0000
vn 0.0205 -0.9998 -0.0000
vn -0.1398 -0.9902 -0.0000
vn -0.3746 0.9272 -0.0000
vn 0.1849 0.9828 -0.0000
vn 0.0255 -0.9997 -0.0000
vn 0.9452 0.3266 -0.0000
vn 0.0517 0.9987 -0.0000
vn 0.4577 -0.8891 -0.0000
vn 0.7261 0.6876 -0.0000
vn -0.0224 -0.9997 -0.0000
vn 0.5548 0.8320 -0.0000
vn -0.9492 -0.3146 -0.0000
vn 0.0195 0.9998 -0.0000
vn -0.4124 0.9110 -0.0000
vn -0.0313 -0.9995 -0.0000
vn 0.8913 0.4534 -0.0000
vn -0.4472 0.8944 -0.0000
vn -0.9977 -0.0684 -0.0000
vn 0.3123 -0.9500 -0.0000
vn -0.9792 -0.2031 -0.0000
vn 0.2814 -0.9596 -0.0000
vn 0.4113 -0.9115 -0.0000
vn -0.8987 -0.4386 -0.0000
vn 0.2152 -0.9766 -0.0000
vn 0.8202 0.5721 -0.0000
vn -0.9434 0.3315 -0.0000
vn -0.2423 0.9702 -0.0000
vn 0.1603 0.9871 -0.0000
vn 0.3127 -0.9499 -0.0000
vn -0.1365 0.9906 -0.0000
vn 0.4557 -0.8902 -0.0000
vn -0.9792 0.2031 -0.0000
vn -0.1851 -0.9827 -0.0000
vn 0.4158 -0.9095 -0.0000
vn -0.9977 0.0683 -0.0000
vn -0.2895 0.9572 -0.0000
vn 0.2432 0.9700 -0.0000
vn 0.0483 0.9988 -0.0000
vn -0.5442 0.8389 -0.0000
vn -0.0527 -0.9986 -0.0000
vn 0.5347 -0.8450 -0.0000
vn -0.8923 -0.4514 -0.0000
vn 0.1447 0.9895 -0.0000
vn -0.0761 0.9971 -0.0000
vn -0.8274 -0.5616 -0.0000
vn -0.2305 -0.9731 -0.0000
vn -0.5903 0.8072 -0.0000
vn -0.0000 -1.0000 -0.0000
vn 0.2951 0.9555 -0.0000
vn -0.6615 0.7499 -0.0000
vn -0.5298 -0.8481 -0.0000
vn 0.6467 -0.7628 -0.0000
vn -0.8274 0.5616 -0.0000
vn 0.5806 0.8142 -0.0000
vn -0.5484 0.8362 -0.0000
vn -0.9434 -0.3315 -0.0000
vn -0.7650 0.6440 -0.0000
vn 0.6140 0.7893 -0.0000
vn -0.5701 0.8216 -0.0000
vn 0.7474 -0.6643 -0.0000
vn -0.8923 0.4514 -0.0000
vn -0.2031 -0.9792 -0.0000
vn -1.0000 -0.0000 -0.0000
vn 0.5456 -0.8380 -0.0000
vn -0.8503 0.5264 -0.0000
vn -0.0684 -0.9977 -0.0000
vn -0.5887 -0.8083 -0.0000
vn -0.8311 -0.5562 -0.0000
vn 0.9987 -0.0518 -0.0000
vn 0.6571 0.7538 -0.0000
vn -0.3315 -0.9435 -0.0000
vn 0.9877 -0.1562 -0.0000
vn -0.4692 0.8831 -0.0000
vn 0.7338 0.6794 -0.0000
vn -0.7501 -0.6613 -0.0000
vn -0.6774 -0.7356 -0.0000
vn -0.4987 0.8667 -0.0000
vn 0.7121 0.7021 -0.0000
vn -0.5248 0.8512 -0.0000
vn 0.9654 -0.2607 -0.0000
vn 0.6348 0.7727 -0.0000
vn -0.7501 0.6613 -0.0000
vn 0.7804 0.6252 -0.0000
vn 0.4899 -0.8718 -0.0000
vn 0.9311 -0.3648 -0.0000
vn 0.3315 0.9435 -0.0000
vn -0.1939 0.9810 -0.0000
vn -0.6503 -0.7597 -0.0000
vn 0.8837 -0.4680 -0.0000
vn -0.7918 -0.6108 -0.0000
vn 0.5153 -0.8570 -0.0000
vn 0.5263 0.8503 -0.0000
vn 0.2031 0.9792 -0.0000
vn 0.8598 0.5106 -0.0000
vn 0.0562 -0.9984 -0.0000
vn 0.0684 0.9977 -0.0000
vn 0.8274 -0.5616 -0.0000
vn -0.2792 0.9602 -0.0000
vn -0.0543 0.9985 -0.0000
vn -0.9109 -0.4126 -0.0000
vn -0.0593 -0.9982 -0.0000
vn 0.6480 -0.7617 -0.0000
vn 0.9389 0.3443 -0.0000
vn -0.3435 0.9391 -0.0000
vn 0.8274 0.5616 -0.0000
vn 0.5334 -0.8459 -0.0000
vn 0.0628 -0.9980 -0.0000
vn 0.9792 -0.2031 -0.0000
vn -0.8070 0.5906 -0.0000
vn -0.9896 -0.1436 -0.0000
vn -0.0621 0.9981 -0.0000
vn 0.9977 -0.0683 -0.0000
vn 0.9923 0.1239 -0.0000
vn -0.3939 0.9191 -0.0000
vn -0.6076 0.7943 -0.0000
vn -0.4349 0.9005 -0.0000
vn -0.9099 0.4147 -0.0000
vn 0.9434 -0.3315 -0.0000
vn 0.9694 -0.2453 -0.0000
vn 0.3565 -0.9343 -0.0000
vn 0.5326 -0.8464 -0.0000
vn -0.9389 0.3442 -0.0000
vn 0.2931 0.9561 -0.0000
vn 0.9143 -0.4049 -0.0000
vn -0.1025 -0.9947 -0.0000
vn -0.9435 -0.3315 -0.0000
vn -0.7716 0.6361 -0.0000
vn 0.9434 0.3315 -0.0000
vn 0.3979 -0.9174 -0.0000
vn 0.8332 0.5529 -0.0000
vn 0.9977 0.0684 -0.0000
vn -0.8750 0.4841 -0.0000
vn -0.9977 0.0684 -0.0000
vn 0.9792 0.2031 -0.0000
vn 0.8923 -0.4514 -0.0000
vn -0.7280 0.6856 -0.0000
vn -0.7895 0.6137 -0.0000
vn -0.1861 -0.9825 -0.0000
vn 0.2461 -0.9692 -0.0000
vn 0.8350 -0.5503 -0.0000
vn 0.8923 0.4514 -0.0000
vn -0.2822 -0.9594 -0.0000
vn 0.7501 -0.6613 -0.0000
vn -0.6740 0.7388 -0.0000
vn -0.6873 0.7263 -0.0000
vn -0.3890 -0.9212 -0.0000
vn 0.7501 0.6613 -0.0000
vn 0.8219 -0.5696 -0.0000
vn 0.7383 -0.6744 -0.0000
vn -0.5021 -0.8648 -0.0000
vn -0.8589 0.5121 -0.0000
vn 0.7440 -0.6682 -0.0000
vn -0.5751 0.8181 -0.0000
vn 0.6320 -0.7750 -0.0000
vn -0.8065 -0.5912 -0.0000
vn -0.8356 0.5494 -0.0000
vn -0.9435 0.3315 -0.0000
vn -0.0659 0.9978 -0.0000
vn -0.8752 -0.4837 -0.0000
vn 0.0684 -0.9977 -0.0000
vn -0.4594 0.8882 -0.0000
vn 0.9082 0.4186 -0.0000
vn 0.2031 -0.9792 -0.0000
vn 0.5228 -0.8525 -0.0000
vn -0.1768 -0.9842 -0.0000
vn 0.3315 -0.9435 -0.0000
vn -0.9249 -0.3802 -0.0000
vn -0.1963 0.9805 -0.0000
vn -0.3457 0.9383 -0.0000
vn 0.4153 -0.9097 -0.0000
vn -0.9583 -0.2857 -0.0000
vn -0.3333 -0.9428 -0.0000
vn 0.9551 0.2962 -0.0000
vn -0.4514 -0.8923 -0.0000
vn -0.2375 0.9714 -0.0000
vn 0.4514 -0.8923 -0.0000
vn 0.9816 0.1908 -0.0000
vn 0.1974 0.9803 -0.0000
vn 0.0523 -0.9986 -0.0000
vn -0.5616 -0.8274 -0.0000
vn 0.1191 0.9929 -0.0000
vn 0.9947 0.1030 -0.0000
vn 0.5616 -0.8274 -0.0000
vn -0.1662 0.9861 -0.0000
vn 0.9995 0.0309 -0.0000
vn -0.2633 -0.9647 -0.0000
vn -0.2464 0.9692 -0.0000
vn -0.6613 -0.7501 -0.0000
vn 0.0396 0.9992 -0.0000
vn -0.1559 -0.9878 -0.0000
vn 0.6613 -0.7501 -0.0000
vn -0.6757 -0.7372 -0.0000
vn 0.8536 -0.5210 -0.0000
vn 0.1177 0.9930 -0.0000
vn -0.6397 -0.7686 -0.0000
vn -0.6613 0.7501 -0.0000
vn 0.6736 0.7391 -0.0000
vn -0.0981 -0.9952 -0.0000
vn 0.6613 0.7501 -0.0000
vn 0.0711 0.9975 -0.0000
vn 0.9977 -0.0684 -0.0000
vn -0.9991 -0.0422 -0.0000
vn -0.6035 -0.7974 -0.0000
vn 0.9982 0.0603 -0.0000
vn -0.5616 0.8274 -0.0000
vn 0.6432 0.7657 -0.0000
vn 0.1604 -0.9870 -0.0000
vn 0.9435 -0.3315 -0.0000
vn 0.5616 0.8274 -0.0000
vn -0.3330 0.9429 -0.0000
vn -0.9902 -0.1395 -0.0000
vn -0.5666 -0.8240 -0.0000
vn 0.5080 0.8614 -0.0000
vn 0.9816 0.1909 -0.0000
vn -0.4514 0.8923 -0.0000
vn 0.6080 0.7940 -0.0000
vn 0.4514 0.8923 -0.0000
vn -0.5280 -0.8492 -0.0000
vn -0.2090 -0.9779 -0.0000
vn -0.9670 -0.2548 -0.0000
vn 0.9439 0.3302 -0.0000
vn 0.5674 0.8234 -0.0000
vn -0.3315 0.9435 -0.0000
vn 0.2071 0.9783 -0.0000
vn -0.0684 0.9977 -0.0000
vn 0.5210 0.8536 -0.0000
vn -0.9224 -0.3863 -0.0000
vn -0.2031 0.9792 -0.0000
vn 0.1632 0.9866 -0.0000
vn 0.8822 0.4708 -0.0000
vn -0.4870 -0.8734 -0.0000
vn -0.3881 -0.9216 -0.0000
vn 0.4683 0.8836 -0.0000
vn -0.8499 -0.5269 -0.0000
vn 0.3963 0.9181 -0.0000
vn 0.7971 0.6038 -0.0000
vn -0.4422 -0.8969 -0.0000
vn -0.5343 -0.8453 -0.0000
vn 0.4297 -0.9029 -0.0000
vn 0.4092 0.9125 -0.0000
vn -0.2024 0.9793 -0.0000
vn 0.3438 0.9390 -0.0000
vn -0.5000 -0.8660 -0.0000
vn -0.2771 0.9608 -0.0000
vn 0.4778 -0.8785 -0.0000
vn -0.3917 -0.9201 -0.0000
vn -0.4643 -0.8857 -0.0000
vn 0.2729 0.9620 -0.0000
vn 0.4561 0.8899 -0.0000
vn -0.3467 0.9380 -0.0000
vn 0.0829 -0.9966 -0.0000
vn 0.3649 -0.9310 -0.0000
vn -0.4271 -0.9042 -0.0000
vn 0.3422 -0.9396 -0.0000
vn -0.5268 0.8500 -0.0000
vn 0.4273 0.9041 -0.0000
vn -0.3341 0.9425 -0.0000
vn -0.9998 0.0206 -0.0000
vn -0.4307 0.9025 -0.0000
vn 0.2716 -0.9624 -0.0000
vn -0.2283 -0.9736 -0.0000
vn 0.9996 -0.0296 -0.0000
vn -0.0666 -0.9978 -0.0000
vn -0.4264 0.9046 -0.0000
vn 0.1353 0.9908 -0.0000
vn -0.3196 0.9476 -0.0000
vn 0.3846 -0.9231 -0.0000
vn -0.9978 0.0667 -0.0000
vn 0.9951 -0.0991 -0.0000
vn -0.5263 0.8503 -0.0000
vn 0.4972 -0.8676 -0.0000
vn -0.9929 0.1193 -0.0000
vn 0.9194 -0.3934 -0.0000
vn 0.9828 -0.1847 -0.0000
vn -0.6309 0.7759 -0.0000
vn 0.6067 -0.7949 -0.0000
vn -0.9839 0.1788 -0.0000
vn -0.9196 0.3928 -0.0000
vn -0.9697 0.2443 -0.0000
vn -0.7356 0.6775 -0.0000
vn 0.9575 -0.2883 -0.0000
vn -0.9135 -0.4068 -0.0000
vn 0.7097 -0.7045 -0.0000
vn -0.9110 -0.4124 -0.0000
vn -0.9492 0.3146 -0.0000
vn -0.8330 0.5533 -0.0000
vn 0.8021 -0.5972 -0.0000
vn -0.9219 0.3875 -0.0000
vn 0.1680 -0.9858 -0.0000
vn 0.9138 0.4063 -0.0000
vn 0.8798 -0.4754 -0.0000
vn -0.0863 0.9963 -0.0000
vn -0.9138 0.4061 -0.0000
vn 0.5239 0.8518 -0.0000
vn 0.9394 -0.3429 -0.0000
vn 0.0509 -0.9987 -0.0000
vn 0.9243 -0.3817 -0.0000
vn 0.5535 0.8328 -0.0000
vn -0.9698 0.2441 -0.0000
vn -0.2747 -0.9615 -0.0000
vn 0.0060 1.0000 -0.0000
vn 0.9788 -0.2049 -0.0000
vn 0.3417 0.9398 -0.0000
vn 0.3042 -0.9526 -0.0000
vn -0.9969 0.0792 -0.0000
vn 0.9978 -0.0670 -0.0000
vn -0.2806 0.9598 -0.0000
vn -0.3167 -0.9485 -0.0000
vn -0.1829 0.9831 -0.0000
vn 0.9987 0.0512 -0.0000
vn -0.3553 -0.9347 -0.0000
vn -0.3635 -0.9316 -0.0000
vn 0.9866 0.1631 -0.0000
vn 0.3841 0.9233 -0.0000
vn 0.7352 -0.6778 -0.0000
vn 0.7104 -0.7038 -0.0000
vn 0.9593 0.2824 -0.0000
vn -0.3446 -0.9388 -0.0000
vn -0.3902 -0.9207 -0.0000
vn -0.3204 -0.9473 -0.0000
vn 0.4230 0.9061 -0.0000
vn -0.9639 -0.2662 -0.0000
vn 0.6792 -0.7339 -0.0000
vn 0.9167 0.3995 -0.0000
vn -0.2911 -0.9567 -0.0000
vn -0.4210 -0.9071 -0.0000
vn 0.6404 -0.7681 -0.0000
vn 0.8630 0.5053 -0.0000
vn 0.4589 0.8885 -0.0000
vn -0.2572 -0.9664 -0.0000
vn -0.2196 -0.9756 -0.0000
vn 0.8043 0.5942 -0.0000
vn -0.7616 0.6480 -0.0000
vn -0.4476 -0.8942 -0.0000
vn 0.7468 0.6650 -0.0000
vn 0.4924 0.8704 -0.0000
vn -0.1800 -0.9837 -0.0000
vn 0.1244 -0.9922 -0.0000
vn 0.6948 0.7192 -0.0000
vn -0.9979 0.0648 -0.0000
vn -0.1402 -0.9901 -0.0000
vn 0.2397 0.9708 -0.0000
vn -0.2764 0.9611 -0.0000
vn 0.9967 -0.0807 -0.0000
vn -0.7783 -0.6279 -0.0000
vn 0.6502 0.7598 -0.0000
vn -0.1021 -0.9948 -0.0000
vn 0.3887 -0.9214 -0.0000
vn 0.6134 0.7897 -0.0000
vn -0.0673 -0.9977 -0.0000
vn -0.5461 0.8377 -0.0000
vn 0.3032 -0.9529 -0.0000
vn -0.0368 -0.9993 -0.0000
vn -0.6236 -0.7817 -0.0000
vn 0.1699 0.9855 -0.0000
vn 0.5842 0.8116 -0.0000
vn -0.4836 0.8753 -0.0000
vn -0.0111 -0.9999 -0.0000
vn -0.4178 0.9085 -0.0000
vn -0.5372 -0.8435 -0.0000
vn 0.0918 0.9958 -0.0000
vn 0.2137 -0.9769 -0.0000
vn 0.5614 0.8275 -0.0000
vn -0.3472 -0.9378 -0.0000
vn -0.3487 0.9372 -0.0000
vn 0.7452 -0.6669 -0.0000
vn 0.3630 0.9318 -0.0000
vn 0.7028 -0.7114 -0.0000
vn 0.5926 -0.8055 -0.0000
vn 0.3274 0.9449 -0.0000
vn 0.9124 -0.4093 -0.0000
vn 0.6555 -0.7552 -0.0000
vn -0.7131 0.7011 -0.0000
vn 0.5348 -0.8450 -0.0000
vn -0.8880 0.4599 -0.0000
vn -0.3040 -0.9527 -0.0000
vn 0.2894 0.9572 -0.0000
vn -0.8488 0.5287 -0.0000
vn 0.4171 -0.9088 -0.0000
vn -0.6609 0.7505 -0.0000
vn 0.8398 -0.5428 -0.0000
vn 0.4666 -0.8845 -0.0000
vn -0.4850 0.8745 -0.0000
vn -0.2581 -0.9661 -0.0000
vn -0.6052 0.7961 -0.0000
vn 0.2493 0.9684 -0.0000
vn -0.8068 0.5909 -0.0000
vn -0.9049 -0.4256 -0.0000
vn -0.3537 -0.9353 -0.0000
vn -0.0173 -0.9999 -0.0000
vn -0.7646 0.6445 -0.0000
vn -0.0913 0.9958 -0.0000
vn 0.7354 -0.6776 -0.0000
vn -0.9511 -0.3089 -0.0000
vn 0.0580 0.9983 -0.0000
vn -0.5005 -0.8657 -0.0000
vn 0.9494 0.3140 -0.0000
vn 0.5197 0.8543 -0.0000
vn -0.7253 0.6885 -0.0000
vn -0.9823 -0.1875 -0.0000
vn -0.0413 0.9991 -0.0000
vn -0.6801 0.7331 -0.0000
vn 0.9824 0.1870 -0.0000
vn 0.6025 -0.7981 -0.0000
vn -0.4940 -0.8695 -0.0000
vn 0.5350 0.8449 -0.0000
vn -0.0345 -0.9994 -0.0000
vn -0.9980 -0.0629 -0.0000
vn -0.6188 0.7855 -0.0000
vn 0.1799 0.9837 -0.0000
vn 0.0238 0.9997 -0.0000
vn -0.9970 0.0777 -0.0000
vn -0.5472 0.8370 -0.0000
vn 0.9981 0.0612 -0.0000
vn 0.4534 -0.8913 -0.0000
vn -0.9696 0.2446 -0.0000
vn -0.4657 0.8849 -0.0000
vn 0.9945 -0.1051 -0.0000
vn -0.3760 0.9266 -0.0000
vn -0.9990 -0.0437 -0.0000
vn 0.9989 0.0471 -0.0000
vn -0.9111 0.4122 -0.0000
vn -0.8265 0.5629 -0.0000
vn -0.9906 -0.1368 -0.0000
vn -0.9512 -0.3087 -0.0000
vn 0.9485 -0.3168 -0.0000
vn 0.9887 0.1496 -0.0000
vn 0.9552 0.2958 -0.0000
vn -0.9715 -0.2370 -0.0000
vn -0.7287 0.6849 -0.0000
vn 0.9652 0.2617 -0.0000
vn -0.9831 -0.1832 -0.0000
vn -0.6314 0.7755 -0.0000
vn 0.9851 0.1717 -0.0000
vn 0.6033 -0.7975 -0.0000
vn -0.9390 -0.3439 -0.0000
vn 0.5460 -0.8378 -0.0000
vn 0.9246 0.3809 -0.0000
vn -0.9982 -0.0598 -0.0000
vn 0.9985 0.0549 -0.0000
vn -0.7354 0.6777 -0.0000
vn -0.8900 -0.4559 -0.0000
vn 0.8642 0.5031 -0.0000
vn -0.9988 0.0493 -0.0000
vn -0.6803 0.7329 -0.0000
vn 0.9987 -0.0519 -0.0000
vn 0.4838 -0.8752 -0.0000
vn -0.8218 -0.5697 -0.0000
vn 0.7828 0.6223 -0.0000
vn -0.9880 0.1544 -0.0000
vn -0.6195 0.7850 -0.0000
vn 0.9870 -0.1605 -0.0000
vn -0.5539 0.8326 -0.0000
vn 0.6815 0.7318 -0.0000
vn 0.0915 -0.9958 -0.0000
vn -0.9638 0.2668 -0.0000
vn -0.7325 -0.6808 -0.0000
vn 0.9618 -0.2739 -0.0000
vn 0.3023 0.9532 -0.0000
vn 0.5645 0.8254 -0.0000
vn 0.9208 -0.3901 -0.0000
vn 0.0305 -0.9995 -0.0000
vn -0.6222 -0.7829 -0.0000
vn 0.4233 0.9060 -0.0000
vn 0.4378 0.8991 -0.0000
vn -0.9232 0.3844 -0.0000
vn 0.3077 0.9515 -0.0000
vn -0.8638 0.5039 -0.0000
vn 0.5717 -0.8205 -0.0000
vn -0.0583 -0.9983 -0.0000
vn 0.0397 -0.9992 -0.0000
vn -0.3756 0.9268 -0.0000
vn -0.2009 0.9796 -0.0000
vn 0.1617 0.9868 -0.0000
vn -0.0675 -0.9977 -0.0000
vn 0.0634 -0.9980 -0.0000
vn -0.1419 0.9899 -0.0000
vn -0.1224 0.9925 -0.0000
vn 0.9435 0.3315 -0.0000
vn -0.8373 -0.5467 -0.0000
vn -0.1788 -0.9839 -0.0000
vn 0.2115 -0.9774 -0.0000
vn 0.9187 0.3950 -0.0000
vn 0.2790 0.9603 -0.0000
vn 0.0589 0.9983 -0.0000
vn -0.9029 -0.4298 -0.0000
vn 0.0393 -0.9992 -0.0000
vn 0.9608 0.2773 -0.0000
vn 0.1948 -0.9808 -0.0000
vn -0.0587 0.9983 -0.0000
vn -0.0262 0.9997 -0.0000
vn -0.3017 -0.9534 -0.0000
vn -0.1242 -0.9923 -0.0000
vn -0.9515 -0.3076 -0.0000
vn 0.4009 0.9161 -0.0000
vn -0.9830 -0.1833 -0.0000
vn 0.9867 0.1623 -0.0000
vn 0.2694 -0.9630 -0.0000
vn -0.4239 -0.9057 -0.0000
vn 0.3253 -0.9456 -0.0000
vn 0.5232 0.8522 -0.0000
vn -0.9982 -0.0601 -0.0000
vn 0.9986 0.0524 -0.0000
vn -0.0415 0.9991 -0.0000
vn 0.3789 -0.9255 -0.0000
vn 0.4589 -0.8885 -0.0000
vn -0.9978 0.0664 -0.0000
vn 0.9982 -0.0594 -0.0000
vn -0.3128 0.9498 -0.0000
vn -0.1234 0.9924 -0.0000
vn 0.3282 -0.9446 -0.0000
vn 0.3974 -0.9176 -0.0000
vn -0.9799 0.1997 -0.0000
vn -0.1828 0.9832 -0.0000
vn 0.9835 -0.1808 -0.0000
vn -0.5418 -0.8405 -0.0000
vn -0.0375 -0.9993 -0.0000
vn 0.6404 0.7681 -0.0000
vn 0.0431 0.9991 -0.0000
vn -0.9441 0.3298 -0.0000
vn 0.9530 -0.3031 -0.0000
vn 0.1521 -0.9884 -0.0000
vn -0.6518 -0.7584 -0.0000
vn 0.1798 0.9837 -0.0000
vn 0.7465 0.6654 -0.0000
vn -0.8913 0.4534 -0.0000
vn 0.4990 -0.8666 -0.0000
vn 0.9059 -0.4235 -0.0000
vn -0.7503 -0.6611 -0.0000
vn -0.3505 0.9366 -0.0000
vn 0.8361 0.5485 -0.0000
vn 0.4415 -0.8973 -0.0000
vn -0.8231 0.5679 -0.0000
vn -0.3400 0.9404 -0.0000
vn 0.5610 -0.8278 -0.0000
vn -0.8342 -0.5514 -0.0000
vn 0.1179 -0.9930 -0.0000
vn -0.9016 -0.4327 -0.0000
vn -0.0819 0.9966 -0.0000
vn -0.4299 0.9029 -0.0000
vn 0.9060 0.4232 -0.0000
vn -0.0658 -0.9978 -0.0000
vn 0.8625 -0.5061 -0.0000
vn 0.5399 0.8417 -0.0000
vn 0.3191 -0.9477 -0.0000
vn -0.7843 0.6204 -0.0000
vn 0.7860 -0.6182 -0.0000
vn -0.1996 -0.9799 -0.0000
vn -0.0607 -0.9982 -0.0000
vn -0.3317 -0.9434 -0.0000
vn 0.0618 0.9981 -0.0000
vn -0.6854 0.7281 -0.0000
vn 0.6487 0.7610 -0.0000
vn 0.6918 -0.7221 -0.0000
vn 0.1901 0.9818 -0.0000
vn 0.1909 -0.9816 -0.0000
vn -0.4576 -0.8892 -0.0000
vn 0.9220 -0.3873 -0.0000
vn -0.5703 0.8215 -0.0000
vn 0.7466 0.6653 -0.0000
vn 0.5816 -0.8135 -0.0000
vn -0.1873 0.9823 -0.0000
vn -0.9200 0.3918 -0.0000
vn -0.1853 -0.9827 -0.0000
vn -0.4440 0.8960 -0.0000
vn -0.5738 -0.8190 -0.0000
vn -0.0714 -0.9974 -0.0000
vn 0.3213 0.9470 -0.0000
vn -0.6778 -0.7353 -0.0000
vn -0.9191 -0.3941 -0.0000
vn 0.8307 0.5567 -0.0000
vn 0.9193 0.3935 -0.0000
vn 0.0605 0.9982 -0.0000
vn -0.3107 -0.9505 -0.0000
vn 0.4508 0.8926 -0.0000
vn -0.7680 -0.6404 -0.0000
vn 0.0917 -0.9958 -0.0000
vn 0.2445 0.9697 -0.0000
vn -0.8438 -0.5366 -0.0000
vn 0.4436 -0.8962 -0.0000
vn 0.8987 0.4385 -0.0000
vn -0.3107 0.9505 -0.0000
vn -0.0662 0.9978 -0.0000
vn -0.1667 -0.9860 -0.0000
vn -0.4339 -0.9010 -0.0000
vn 0.8639 -0.5037 -0.0000
vn 0.3497 0.9369 -0.0000
vn 0.5736 0.8192 -0.0000
vn 0.0579 -0.9983 -0.0000
vn -0.5443 0.8389 -0.0000
vn -0.0220 0.9998 -0.0000
vn -0.2896 -0.9571 -0.0000
vn 0.7612 -0.6485 -0.0000
vn -0.1252 -0.9921 -0.0000
vn -0.5512 -0.8344 -0.0000
vn 0.4606 0.8876 -0.0000
vn 0.6848 0.7288 -0.0000
vn -0.4721 0.8816 -0.0000
vn 0.1033 0.9946 -0.0000
vn 0.6602 -0.7511 -0.0000
vn -0.4175 -0.9087 -0.0000
vn -0.6594 -0.7518 -0.0000
vn 0.5749 0.8183 -0.0000
vn -0.4159 0.9094 -0.0000
vn 0.7807 0.6250 -0.0000
vn 0.1522 -0.9884 -0.0000
vn 0.3464 -0.9381 -0.0000
vn -0.1526 0.9883 -0.0000
vn -0.5444 -0.8389 -0.0000
vn -0.7556 -0.6550 -0.0000
vn 0.6876 0.7261 -0.0000
vn -0.4142 0.9102 -0.0000
vn 0.8589 0.5122 -0.0000
vn -0.2399 -0.9708 -0.0000
vn -0.3432 0.9393 -0.0000
vn 0.8423 -0.5390 -0.0000
vn 0.2321 0.9727 -0.0000
vn -0.6633 -0.7484 -0.0000
vn 0.2724 -0.9622 -0.0000
vn 0.7913 0.6114 -0.0000
vn -0.7410 0.6715 -0.0000
vn 0.7626 -0.6468 -0.0000
vn 0.1228 -0.9924 -0.0000
vn -0.2733 0.9619 -0.0000
vn -0.1100 0.9939 -0.0000
vn -0.7676 -0.6410 -0.0000
vn 0.1959 -0.9806 -0.0000
vn -0.1821 -0.9833 -0.0000
vn -0.6469 0.7625 -0.0000
vn -0.8527 -0.5225 -0.0000
vn -0.2060 0.9786 -0.0000
vn 0.6682 -0.7439 -0.0000
vn 0.1903 0.9817 -0.0000
vn 0.8780 0.4787 -0.0000
vn -0.5426 0.8400 -0.0000
vn 0.1470 0.9891 -0.0000
vn 0.5228 -0.8524 -0.0000
vn -0.9168 -0.3994 -0.0000
vn 0.2391 -0.9710 -0.0000
vn 0.9417 0.3363 -0.0000
vn -0.4105 0.9119 -0.0000
vn 0.0570 0.9984 -0.0000
vn 0.5649 -0.8252 -0.0000
vn -0.3041 -0.9527 -0.0000
vn -0.2672 0.9636 -0.0000
vn -0.9607 -0.2775 -0.0000
vn -0.4684 0.8835 -0.0000
vn -0.9870 -0.1607 -0.0000
vn -0.3973 0.9177 -0.0000
vn 0.9809 0.1943 -0.0000
vn -0.3496 -0.9369 -0.0000
vn -0.1699 0.9855 -0.0000
vn 0.3945 -0.9189 -0.0000
vn 0.2359 0.9718 -0.0000
vn -0.1811 -0.9835 -0.0000
vn -0.9987 -0.0515 -0.0000
vn 0.1742 0.9847 -0.0000
vn 0.9981 0.0610 -0.0000
vn -0.7185 -0.6955 -0.0000
vn -0.3547 0.9350 -0.0000
vn -0.6147 -0.7888 -0.0000
vn -0.5419 -0.8405 -0.0000
vn -0.3775 0.9260 -0.0000
vn -0.5422 -0.8402 -0.0000
vn 0.4115 0.9114 -0.0000
vn 0.6039 -0.7971 -0.0000
vn -0.5205 0.8539 -0.0000
vn 0.1732 -0.9849 -0.0000
vn 0.2708 -0.9626 -0.0000
vn -0.6985 0.7156 -0.0000
vn 0.0484 0.9988 -0.0000
vn -0.5670 0.8238 -0.0000
vn -0.2927 0.9562 -0.0000
vn -0.2996 0.9541 -0.0000
vn 0.2940 -0.9558 -0.0000
vn 0.3058 -0.9521 -0.0000
vn -0.6083 0.7937 -0.0000
vn 0.3461 -0.9382 -0.0000
vn 0.0348 -0.9994 -0.0000
vn -0.6448 0.7643 -0.0000
vn -0.4192 0.9079 -0.0000
vn 0.0932 -0.9956 -0.0000
vn -0.4254 -0.9050 -0.0000
vn -0.3288 0.9444 -0.0000
vn -0.6772 0.7358 -0.0000
vn -0.5140 -0.8578 -0.0000
vn 0.3281 -0.9446 -0.0000
vt 0.333333 0.000000
vt 1.000000 0.000000
vt 0.666667 0.000000
vt 0.000000 0.000000
vt 0.283237 0.000000
vt 0.294798 0.000000
vt 0.289017 0.000000
vt 0.300578 0.000000
vt 0.306358 0.000000
vt 0.260116 0.000000
vt 0.329480 0.000000
vt 0.323699 0.000000
vt 0.254335 0.000000
vt 0.526012 0.000000
vt 0.913295 0.000000
vt 0.531792 0.000000
vt 0.520231 0.000000
vt 0.919075 0.000000
vt 0.514451 0.000000
vt 0.924855 0.000000
vt 0.508671 0.000000
vt 0.502890 0.000000
vt 0.930636 0.000000
vt 0.497110 0.000000
vt 0.936416 0.000000
vt 0.491329 0.000000
vt 0.485549 0.000000
vt 0.942197 0.000000
vt 0.479769 0.000000
vt 0.473988 0.000000
vt 0.312139 0.000000
vt 0.317919 0.000000
vt 0.277457 0.000000
vt 0.271676 0.000000
vt 0.265896 0.000000
vt 0.589595 0.000000
vt 0.583815 0.000000
vt 0.872832 0.000000
vt 0.878613 0.000000
vt 0.578035 0.000000
vt 0.884393 0.000000
vt 0.959538 0.000000
vt 0.456647 0.000000
vt 0.965318 0.000000
vt 0.450867 0.000000
vt 0.346821 0.000000
vt 0.231214 0.000000
vt 0.225434 0.000000
vt 0.867052 0.000000
vt 0.601156 0.000000
vt 0.595376 0.000000
vt 0.861272 0.000000
vt 0.219653 0.000000
vt 0.358382 0.000000
vt 0.352601 0.000000
vt 0.213873 0.000000
vt 0.369942 0.000000
vt 0.364162 0.000000
vt 0.208092 0.000000
vt 0.606936 0.000000
vt 0.612717 0.000000
vt 0.855491 0.000000
vt 0.618497 0.000000
vt 0.849711 0.000000
vt 0.976879 0.000000
vt 0.439306 0.000000
vt 0.982659 0.000000
vt 0.971098 0.000000
vt 0.445087 0.000000
vt 0.572254 0.000000
vt 0.890173 0.000000
vt 0.566474 0.000000
vt 0.560694 0.000000
vt 0.895954 0.000000
vt 0.554913 0.000000
vt 0.901734 0.000000
vt 0.549133 0.000000
vt 0.543353 0.000000
vt 0.907514 0.000000
vt 0.537572 0.000000
vt 0.947977 0.000000
vt 0.468208 0.000000
vt 0.953757 0.000000
vt 0.462428 0.000000
vt 0.335260 0.000000
vt 0.248555 0.000000
vt 0.242775 0.000000
vt 0.341040 0.000000
vt 0.236994 0.000000
vt 0.832370 0.000000
vt 0.635838 0.000000
vt 0.630058 0.000000
vt 0.826590 0.000000
vt 0.641618 0.000000
vt 0.820809 0.000000
vt 0.375723 0.000000
vt 0.196532 0.000000
vt 0.381503 0.000000
vt 0.202312 0.000000
vt 0.676301 0.000000
vt 0.670520 0.000000
vt 0.682081 0.000000
vt 0.647399 0.000000
vt 0.815029 0.000000
vt 0.809249 0.000000
vt 0.803468 0.000000
vt 0.797688 0.000000
vt 0.791907 0.000000
vt 0.994220 0.000000
vt 0.433526 0.000000
vt 0.393064 0.000000
vt 0.173410 0.000000
vt 0.398844 0.000000
vt 0.179191 0.000000
vt 0.184971 0.000000
vt 0.387283 0.000000
vt 0.190751 0.000000
vt 0.745665 0.000000
vt 0.739884 0.000000
vt 0.086705 0.000000
vt 0.092486 0.000000
vt 0.734104 0.000000
vt 0.728324 0.000000
vt 0.722543 0.000000
vt 0.098266 0.000000
vt 0.716763 0.000000
vt 0.104046 0.000000
vt 0.710983 0.000000
vt 0.080925 0.000000
vt 0.757225 0.000000
vt 0.751445 0.000000
vt 0.075145 0.000000
vt 0.763006 0.000000
vt 0.069364 0.000000
vt 0.063584 0.000000
vt 0.005780 0.000000
vt 0.786127 0.000000
vt 0.011561 0.000000
vt 0.017341 0.000000
vt 0.780347 0.000000
vt 0.034682 0.000000
vt 0.028902 0.000000
vt 0.023121 0.000000
vt 0.768786 0.000000
vt 0.057803 0.000000
vt 0.774566 0.000000
vt 0.052023 0.000000
vt 0.046243 0.000000
vt 0.040462 0.000000
vt 0.705202 0.000000
vt 0.109827 0.000000
vt 0.699422 0.000000
vt 0.693642 0.000000
vt 0.687861 0.000000
vt 0.664740 0.000000
vt 0.658960 0.000000
vt 0.115607 0.000000
vt 0.653179 0.000000
vt 0.121387 0.000000
vt 0.127168 0.000000
vt 0.132948 0.000000
vt 0.138728 0.000000
vt 0.144509 0.000000
vt 0.427746 0.000000
vt 0.421965 0.000000
vt 0.150289 0.000000
vt 0.416185 0.000000
vt 0.156069 0.000000
vt 0.410405 0.000000
vt 0.161850 0.000000
vt 0.404624 0.000000
vt 0.167630 0.000000
vt 0.624277 0.000000
vt 0.843931 0.000000
vt 0.838150 0.000000
vt 0.988439 0.000000
vt 0.549020 0.000000
vt 0.588235 0.000000
vt 0.568627 0.000000
vt 0.490196 0.000000
vt 0.509804 0.000000
vt 0.529412 0.000000
vt 0.470588 0.000000
vt 0.627451 0.000000
vt 0.607843 0.000000
vt 0.647059 0.000000
vt 0.450980 0.000000
vt 0.764706 0.000000
vt 0.745098 0.000000
vt 0.784314 0.000000
vt 0.725490 0.000000
vt 0.431373 0.000000
vt 0.254902 0.000000
vt 0.313726 0.000000
vt 0.274510 0.000000
vt 0.294118 0.000000
vt 0.941176 0.000000
vt 0.921569 0.000000
vt 0.156863 0.000000
vt 0.176471 0.000000
vt 0.980392 0.000000
vt 0.078431 0.000000
vt 0.960784 0.000000
vt 0.137255 0.000000
vt 0.117647 0.000000
vt 0.098039 0.000000
vt 0.901961 0.000000
vt 0.196078 0.000000
vt 0.019608 0.000000
vt 0.058824 0.000000
vt 0.039216 0.000000
vt 0.803922 0.000000
vt 0.823529 0.000000
vt 0.843137 0.000000
vt 0.705882 0.000000
vt 0.862745 0.000000
vt 0.686275 0.000000
vt 0.882353 0.000000
vt 0.411765 0.000000
vt 0.215686 0.000000
vt 0.392157 0.000000
vt 0.235294 0.000000
vt 0.372549 0.000000
vt 0.352941 0.000000
vt 0.268041 0.000000
vt 0.721649 0.000000
vt 0.278351 0.000000
vt 0.731959 0.000000
vt 0.257732 0.000000
vt 0.742268 0.000000
vt 0.247423 0.000000
vt 0.752577 0.000000
vt 0.237113 0.000000
vt 0.762887 0.000000
vt 0.226804 0.000000
vt 0.773196 0.000000
vt 0.216495 0.000000
vt 0.783505 0.000000
vt 0.793814 0.000000
vt 0.206186 0.000000
vt 0.195876 0.000000
vt 0.371134 0.000000
vt 0.360825 0.000000
vt 0.639175 0.000000
vt 0.649485 0.000000
vt 0.876289 0.000000
vt 0.865979 0.000000
vt 0.123711 0.000000
vt 0.350515 0.000000
vt 0.659794 0.000000
vt 0.134021 0.000000
vt 0.855670 0.000000
vt 0.340206 0.000000
vt 0.670103 0.000000
vt 0.329897 0.000000
vt 0.680412 0.000000
vt 0.154639 0.000000
vt 0.845361 0.000000
vt 0.835052 0.000000
vt 0.144330 0.000000
vt 0.319588 0.000000
vt 0.690722 0.000000
vt 0.309278 0.000000
vt 0.701031 0.000000
vt 0.298969 0.000000
vt 0.711340 0.000000
vt 0.288660 0.000000
vt 0.804124 0.000000
vt 0.185567 0.000000
vt 0.814433 0.000000
vt 0.175258 0.000000
vt 0.824742 0.000000
vt 0.164948 0.000000
vt 0.896907 0.000000
vt 0.886598 0.000000
vt 0.103093 0.000000
vt 0.113402 0.000000
vt 0.618557 0.000000
vt 0.402062 0.000000
vt 0.391753 0.000000
vt 0.608247 0.000000
vt 0.628866 0.000000
vt 0.381443 0.000000
vt 0.907216 0.000000
vt 0.092784 0.000000
vt 0.597938 0.000000
vt 0.422680 0.000000
vt 0.412371 0.000000
vt 0.587629 0.000000
vt 0.917526 0.000000
vt 0.061856 0.000000
vt 0.927835 0.000000
vt 0.072165 0.000000
vt 0.082474 0.000000
vt 0.443299 0.000000
vt 0.567010 0.000000
vt 0.453608 0.000000
vt 0.556701 0.000000
vt 0.494845 0.000000
vt 0.515464 0.000000
vt 0.505155 0.000000
vt 0.484536 0.000000
vt 0.536082 0.000000
vt 0.525773 0.000000
vt 0.989691 0.000000
vt 0.463918 0.000000
vt 0.546392 0.000000
vt 0.474227 0.000000
vt 0.979381 0.000000
vt 0.969072 0.000000
vt 0.010309 0.000000
vt 0.958763 0.000000
vt 0.020619 0.000000
vt 0.432990 0.000000
vt 0.577320 0.000000
vt 0.948454 0.000000
vt 0.030928 0.000000
vt 0.938144 0.000000
vt 0.041237 0.000000
vt 0.051546 0.000000
vt 0.440678 0.000000
vt 0.474576 0.000000
vt 0.457627 0.000000
vt 0.423729 0.000000
vt 0.508475 0.000000
vt 0.491525 0.000000
vt 0.525424 0.000000
vt 0.576271 0.000000
vt 0.406780 0.000000
vt 0.593220 0.000000
vt 0.389830 0.000000
vt 0.610169 0.000000
vt 0.372881 0.000000
vt 0.627119 0.000000
vt 0.355932 0.000000
vt 0.644068 0.000000
vt 0.338983 0.000000
vt 0.322034 0.000000
vt 0.661017 0.000000
vt 0.305085 0.000000
vt 0.288136 0.000000
vt 0.779661 0.000000
vt 0.762712 0.000000
vt 0.067797 0.000000
vt 0.084746 0.000000
vt 0.796610 0.000000
vt 0.050847 0.000000
vt 0.118644 0.000000
vt 0.745763 0.000000
vt 0.101695 0.000000
vt 0.983051 0.000000
vt 0.966102 0.000000
vt 0.949153 0.000000
vt 0.932203 0.000000
vt 0.915254 0.000000
vt 0.898305 0.000000
vt 0.881356 0.000000
vt 0.864407 0.000000
vt 0.016949 0.000000
vt 0.847458 0.000000
vt 0.830508 0.000000
vt 0.813559 0.000000
vt 0.033898 0.000000
vt 0.542373 0.000000
vt 0.559322 0.000000
vt 0.677966 0.000000
vt 0.271186 0.000000
vt 0.254237 0.000000
vt 0.694915 0.000000
vt 0.237288 0.000000
vt 0.220339 0.000000
vt 0.711864 0.000000
vt 0.203390 0.000000
vt 0.186441 0.000000
vt 0.728814 0.000000
vt 0.169492 0.000000
vt 0.152542 0.000000
vt 0.135593 0.000000
vt 0.017544 0.000000
vt 0.052632 0.000000
vt 0.035088 0.000000
vt 0.929825 0.000000
vt 0.070175 0.000000
vt 0.754386 0.000000
vt 0.263158 0.000000
vt 0.771930 0.000000
vt 0.245614 0.000000
vt 0.789474 0.000000
vt 0.228070 0.000000
vt 0.807018 0.000000
vt 0.210526 0.000000
vt 0.824561 0.000000
vt 0.192982 0.000000
vt 0.842105 0.000000
vt 0.175439 0.000000
vt 0.859649 0.000000
vt 0.157895 0.000000
vt 0.140351 0.000000
vt 0.877193 0.000000
vt 0.122807 0.000000
vt 0.894737 0.000000
vt 0.105263 0.000000
vt 0.087719 0.000000
vt 0.912281 0.000000
vt 0.947368 0.000000
vt 0.736842 0.000000
vt 0.719298 0.000000
vt 0.280702 0.000000
vt 0.298246 0.000000
vt 0.315789 0.000000
vt 0.701754 0.000000
vt 0.368421 0.000000
vt 0.385965 0.000000
vt 0.649123 0.000000
vt 0.350877 0.000000
vt 0.684211 0.000000
vt 0.421053 0.000000
vt 0.614035 0.000000
vt 0.438596 0.000000
vt 0.491228 0.000000
vt 0.526316 0.000000
vt 0.508772 0.000000
vt 0.543860 0.000000
vt 0.456140 0.000000
vt 0.596491 0.000000
vt 0.473684 0.000000
vt 0.578947 0.000000
vt 0.561404 0.000000
vt 0.403509 0.000000
vt 0.631579 0.000000
vt 0.964912 0.000000
vt 0.982456 0.000000
vt 0.018519 0.000000
vt 0.055556 0.000000
vt 0.037037 0.000000
vt 0.074074 0.000000
vt 0.092593 0.000000
vt 0.981481 0.000000
vt 0.111111 0.000000
vt 0.129630 0.000000
vt 0.148148 0.000000
vt 0.962963 0.000000
vt 0.185185 0.000000
vt 0.925926 0.000000
vt 0.203704 0.000000
vt 0.907407 0.000000
vt 0.833333 0.000000
vt 0.259259 0.000000
vt 0.851852 0.000000
vt 0.222222 0.000000
vt 0.888889 0.000000
vt 0.240741 0.000000
vt 0.870370 0.000000
vt 0.166667 0.000000
vt 0.944444 0.000000
vt 0.759259 0.000000
vt 0.740741 0.000000
vt 0.314815 0.000000
vt 0.296296 0.000000
vt 0.777778 0.000000
vt 0.351852 0.000000
vt 0.685185 0.000000
vt 0.703704 0.000000
vt 0.722222 0.000000
vt 0.500000 0.000000
vt 0.481481 0.000000
vt 0.518519 0.000000
vt 0.462963 0.000000
vt 0.537037 0.000000
vt 0.444444 0.000000
vt 0.555556 0.000000
vt 0.425926 0.000000
vt 0.574074 0.000000
vt 0.407407 0.000000
vt 0.592593 0.000000
vt 0.611111 0.000000
vt 0.388889 0.000000
vt 0.629630 0.000000
vt 0.370370 0.000000
vt 0.648148 0.000000
vt 0.277778 0.000000
vt 0.814815 0.000000
vt 0.796296 0.000000
vt 0.200000 0.000000
vt 0.400000 0.000000
vt 0.300000 0.000000
vt 0.100000 0.000000
vt 0.900000 0.000000
vt 0.800000 0.000000
vt 0.700000 0.000000
vt 0.600000 0.000000
vt 0.035714 0.000000
vt 0.071429 0.000000
vt 0.053571 0.000000
vt 0.017857 0.000000
vt 0.089286 0.000000
vt 0.107143 0.000000
vt 0.982143 0.000000
vt 0.125000 0.000000
vt 0.142857 0.000000
vt 0.964286 0.000000
vt 0.250000 0.000000
vt 0.839286 0.000000
vt 0.267857 0.000000
vt 0.821429 0.000000
vt 0.910714 0.000000
vt 0.214286 0.000000
vt 0.196429 0.000000
vt 0.892857 0.000000
vt 0.232143 0.000000
vt 0.875000 0.000000
vt 0.857143 0.000000
vt 0.160714 0.000000
vt 0.946429 0.000000
vt 0.178571 0.000000
vt 0.928571 0.000000
vt 0.339286 0.000000
vt 0.321429 0.000000
vt 0.750000 0.000000
vt 0.767857 0.000000
vt 0.303571 0.000000
vt 0.785714 0.000000
vt 0.357143 0.000000
vt 0.732143 0.000000
vt 0.535714 0.000000
vt 0.517857 0.000000
vt 0.553571 0.000000
vt 0.482143 0.000000
vt 0.571429 0.000000
vt 0.464286 0.000000
vt 0.589286 0.000000
vt 0.446429 0.000000
vt 0.607143 0.000000
vt 0.428571 0.000000
vt 0.625000 0.000000
vt 0.410714 0.000000
vt 0.642857 0.000000
vt 0.392857 0.000000
vt 0.660714 0.000000
vt 0.678571 0.000000
vt 0.375000 0.000000
vt 0.696429 0.000000
vt 0.714286 0.000000
vt 0.285714 0.000000
vt 0.803571 0.000000
vt 0.161616 0.000000
vt 0.808081 0.000000
vt 0.171717 0.000000
vt 0.818182 0.000000
vt 0.151515 0.000000
vt 0.828283 0.000000
vt 0.141414 0.000000
vt 0.131313 0.000000
vt 0.838384 0.000000
vt 0.121212 0.000000
vt 0.848485 0.000000
vt 0.858586 0.000000
vt 0.101010 0.000000
vt 0.868687 0.000000
vt 0.090909 0.000000
vt 0.878788 0.000000
vt 0.080808 0.000000
vt 0.070707 0.000000
vt 0.919192 0.000000
vt 0.040404 0.000000
vt 0.929293 0.000000
vt 0.030303 0.000000
vt 0.020202 0.000000
vt 0.949495 0.000000
vt 0.939394 0.000000
vt 0.737374 0.000000
vt 0.242424 0.000000
vt 0.232323 0.000000
vt 0.727273 0.000000
vt 0.747475 0.000000
vt 0.959596 0.000000
vt 0.010101 0.000000
vt 0.757576 0.000000
vt 0.212121 0.000000
vt 0.767677 0.000000
vt 0.202020 0.000000
vt 0.191919 0.000000
vt 0.787879 0.000000
vt 0.181818 0.000000
vt 0.797980 0.000000
vt 0.898990 0.000000
vt 0.060606 0.000000
vt 0.909091 0.000000
vt 0.050505 0.000000
vt 0.494949 0.000000
vt 0.474747 0.000000
vt 0.515152 0.000000
vt 0.505050 0.000000
vt 0.464646 0.000000
vt 0.252525 0.000000
vt 0.717172 0.000000
vt 0.707071 0.000000
vt 0.525253 0.000000
vt 0.535354 0.000000
vt 0.454545 0.000000
vt 0.262626 0.000000
vt 0.696970 0.000000
vt 0.272727 0.000000
vt 0.686869 0.000000
vt 0.969697 0.000000
vt 0.989899 0.000000
vt 0.313131 0.000000
vt 0.646465 0.000000
vt 0.323232 0.000000
vt 0.636364 0.000000
vt 0.626263 0.000000
vt 0.343434 0.000000
vt 0.616162 0.000000
vt 0.353535 0.000000
vt 0.606061 0.000000
vt 0.363636 0.000000
vt 0.595960 0.000000
vt 0.373737 0.000000
vt 0.585859 0.000000
vt 0.383838 0.000000
vt 0.393939 0.000000
vt 0.575758 0.000000
vt 0.404040 0.000000
vt 0.565657 0.000000
vt 0.414141 0.000000
vt 0.282828 0.000000
vt 0.676768 0.000000
vt 0.292929 0.000000
vt 0.303030 0.000000
vt 0.656566 0.000000
vt 0.424242 0.000000
vt 0.545455 0.000000
vt 0.434343 0.000000
vt 0.484848 0.000000
vt 0.979798 0.000000
vt 0.436090 0.000000
vt 0.458647 0.000000
vt 0.443609 0.000000
vt 0.451128 0.000000
vt 0.503759 0.000000
vt 0.496241 0.000000
vt 0.398496 0.000000
vt 0.406015 0.000000
vt 0.488722 0.000000
vt 0.481203 0.000000
vt 0.413534 0.000000
vt 0.466165 0.000000
vt 0.172932 0.000000
vt 0.819549 0.000000
vt 0.180451 0.000000
vt 0.827068 0.000000
vt 0.165414 0.000000
vt 0.909774 0.000000
vt 0.902256 0.000000
vt 0.090226 0.000000
vt 0.360902 0.000000
vt 0.541353 0.000000
vt 0.533835 0.000000
vt 0.375940 0.000000
vt 0.097744 0.000000
vt 0.518797 0.000000
vt 0.383459 0.000000
vt 0.751880 0.000000
vt 0.225564 0.000000
vt 0.759399 0.000000
vt 0.879699 0.000000
vt 0.887218 0.000000
vt 0.511278 0.000000
vt 0.390977 0.000000
vt 0.218045 0.000000
vt 0.766917 0.000000
vt 0.774436 0.000000
vt 0.781955 0.000000
vt 0.203008 0.000000
vt 0.796992 0.000000
vt 0.195489 0.000000
vt 0.804511 0.000000
vt 0.187970 0.000000
vt 0.812030 0.000000
vt 0.834586 0.000000
vt 0.150376 0.000000
vt 0.849624 0.000000
vt 0.135338 0.000000
vt 0.127820 0.000000
vt 0.864662 0.000000
vt 0.120301 0.000000
vt 0.872180 0.000000
vt 0.112782 0.000000
vt 0.353383 0.000000
vt 0.556391 0.000000
vt 0.548872 0.000000
vt 0.345865 0.000000
vt 0.338346 0.000000
vt 0.932331 0.000000
vt 0.924812 0.000000
vt 0.067669 0.000000
vt 0.075188 0.000000
vt 0.917293 0.000000
vt 0.082707 0.000000
vt 0.563910 0.000000
vt 0.330827 0.000000
vt 0.729323 0.000000
vt 0.240602 0.000000
vt 0.939850 0.000000
vt 0.060150 0.000000
vt 0.962406 0.000000
vt 0.015038 0.000000
vt 0.969925 0.000000
vt 0.022556 0.000000
vt 0.992481 0.000000
vt 0.984962 0.000000
vt 0.977444 0.000000
vt 0.007519 0.000000
vt 0.323308 0.000000
vt 0.586466 0.000000
vt 0.308271 0.000000
vt 0.593985 0.000000
vt 0.300752 0.000000
vt 0.601504 0.000000
vt 0.293233 0.000000
vt 0.609023 0.000000
vt 0.616541 0.000000
vt 0.624060 0.000000
vt 0.278196 0.000000
vt 0.270677 0.000000
vt 0.639098 0.000000
vt 0.646617 0.000000
vt 0.654135 0.000000
vt 0.661654 0.000000
vt 0.669173 0.000000
vt 0.676692 0.000000
vt 0.691729 0.000000
vt 0.699248 0.000000
vt 0.255639 0.000000
vt 0.706767 0.000000
vt 0.248120 0.000000
vt 0.721804 0.000000
vt 0.954887 0.000000
vt 0.030075 0.000000
vt 0.037594 0.000000
vt 0.045113 0.000000
vt 0.233083 0.000000
vt 0.744361 0.000000
s 0
f 2/1/1 4/2/1 3/3/1
f 4/2/1 2/1/1 1/4/1
f 54/5/1 56/6/1 55/7/1
f 56/6/1 54/5/1 57/8/1
f 57/8/1 54/5/1 58/9/1
f 50/10/1 62/11/1 61/12/1
f 49/13/1 62/11/1 50/10/1
f 96/14/1 163/15/1 97/16/1
f 95/17/1 163/15/1 96/14/1
f 163/15/1 95/17/1 164/18/1
f 94/19/1 164/18/1 95/17/1
f 164/18/1 94/19/1 165/20/1
f 93/21/1 165/20/1 94/19/1
f 92/22/1 165/20/1 93/21/1
f 165/20/1 92/22/1 166/23/1
f 91/24/1 166/23/1 92/22/1
f 166/23/1 91/24/1 167/25/1
f 90/26/1 167/25/1 91/24/1
f 89/27/1 167/25/1 90/26/1
f 167/25/1 89/27/1 168/28/1
f 88/29/1 168/28/1 89/27/1
f 168/28/1 88/29/1 87/30/1
f 54/5/1 59/31/1 58/9/1
f 59/31/1 54/5/1 60/32/1
f 53/33/1 60/32/1 54/5/1
f 52/34/1 60/32/1 53/33/1
f 60/32/1 52/34/1 61/12/1
f 51/35/1 61/12/1 52/34/1
f 61/12/1 51/35/1 50/10/1
f 107/36/1 106/37/1 156/38/1
f 156/38/1 106/37/1 157/39/1
f 106/37/1 105/40/1 157/39/1
f 157/39/1 105/40/1 158/41/1
f 171/42/1 84/43/1 172/44/1
f 172/44/1 84/43/1 83/45/1
f 65/46/1 45/47/1 44/48/1
f 155/49/1 109/50/1 108/51/1
f 109/50/1 155/49/1 154/52/1
f 43/53/1 67/54/1 66/55/1
f 67/54/1 43/53/1 42/56/1
f 69/57/1 68/58/1 41/59/1
f 154/52/1 110/60/1 109/50/1
f 110/60/1 154/52/1 111/61/1
f 153/62/1 111/61/1 154/52/1
f 111/61/1 153/62/1 112/63/1
f 112/63/1 153/62/1 152/64/1
f 174/65/1 81/66/1 175/67/1
f 42/56/1 68/58/1 67/54/1
f 68/58/1 42/56/1 41/59/1
f 156/38/1 108/51/1 107/36/1
f 108/51/1 156/38/1 155/49/1
f 83/45/1 173/68/1 172/44/1
f 82/69/1 173/68/1 83/45/1
f 173/68/1 82/69/1 174/65/1
f 174/65/1 82/69/1 81/66/1
f 44/48/1 66/55/1 65/46/1
f 66/55/1 44/48/1 43/53/1
f 105/40/1 104/70/1 158/41/1
f 158/41/1 104/70/1 159/71/1
f 103/72/1 159/71/1 104/70/1
f 102/73/1 159/71/1 103/72/1
f 159/71/1 102/73/1 160/74/1
f 101/75/1 160/74/1 102/73/1
f 160/74/1 101/75/1 161/76/1
f 100/77/1 161/76/1 101/75/1
f 99/78/1 161/76/1 100/77/1
f 161/76/1 99/78/1 162/79/1
f 98/80/1 162/79/1 99/78/1
f 97/16/1 162/79/1 98/80/1
f 163/15/1 162/79/1 97/16/1
f 87/30/1 169/81/1 168/28/1
f 86/82/1 169/81/1 87/30/1
f 169/81/1 86/82/1 170/83/1
f 85/84/1 170/83/1 86/82/1
f 170/83/1 85/84/1 171/42/1
f 171/42/1 85/84/1 84/43/1
f 49/13/1 63/85/1 62/11/1
f 48/86/1 63/85/1 49/13/1
f 47/87/1 63/85/1 48/86/1
f 63/85/1 47/87/1 64/88/1
f 46/89/1 64/88/1 47/87/1
f 64/88/1 46/89/1 65/46/1
f 65/46/1 46/89/1 45/47/1
f 149/90/1 115/91/1 114/92/1
f 148/93/1 115/91/1 149/90/1
f 115/91/1 148/93/1 116/94/1
f 147/95/1 116/94/1 148/93/1
f 70/96/1 39/97/1 71/98/1
f 40/99/1 39/97/1 70/96/1
f 122/100/1 121/101/1 123/102/1
f 147/95/1 117/103/1 116/94/1
f 146/104/1 117/103/1 147/95/1
f 145/105/1 117/103/1 146/104/1
f 144/106/1 117/103/1 145/105/1
f 143/107/1 117/103/1 144/106/1
f 117/103/1 143/107/1 142/108/1
f 178/2/1 177/109/1 80/110/1
f 73/111/1 35/112/1 74/113/1
f 35/112/1 73/111/1 36/114/1
f 36/114/1 73/111/1 37/115/1
f 72/116/1 37/115/1 73/111/1
f 37/115/1 72/116/1 38/117/1
f 71/98/1 38/117/1 72/116/1
f 39/97/1 38/117/1 71/98/1
f 134/118/1 133/119/1 20/120/1
f 20/120/1 133/119/1 21/121/1
f 133/119/1 132/122/1 21/121/1
f 131/123/1 21/121/1 132/122/1
f 130/124/1 21/121/1 131/123/1
f 21/121/1 130/124/1 22/125/1
f 129/126/1 22/125/1 130/124/1
f 22/125/1 129/126/1 23/127/1
f 128/128/1 23/127/1 129/126/1
f 19/129/1 136/130/1 135/131/1
f 18/132/1 136/130/1 19/129/1
f 136/130/1 18/132/1 137/133/1
f 17/134/1 137/133/1 18/132/1
f 16/135/1 137/133/1 17/134/1
f 6/136/1 5/4/1 141/137/1
f 7/138/1 141/137/1 8/139/1
f 141/137/1 7/138/1 6/136/1
f 140/140/1 11/141/1 141/137/1
f 10/142/1 141/137/1 11/141/1
f 9/143/1 141/137/1 10/142/1
f 141/137/1 9/143/1 8/139/1
f 16/135/1 138/144/1 137/133/1
f 15/145/1 138/144/1 16/135/1
f 138/144/1 15/145/1 139/146/1
f 14/147/1 139/146/1 15/145/1
f 13/148/1 139/146/1 14/147/1
f 139/146/1 13/148/1 140/140/1
f 12/149/1 140/140/1 13/148/1
f 140/140/1 12/149/1 11/141/1
f 135/131/1 134/118/1 19/129/1
f 20/120/1 19/129/1 134/118/1
f 128/128/1 127/150/1 23/127/1
f 23/127/1 127/150/1 24/151/1
f 126/152/1 24/151/1 127/150/1
f 125/153/1 24/151/1 126/152/1
f 124/154/1 24/151/1 125/153/1
f 123/102/1 24/151/1 124/154/1
f 121/101/1 24/151/1 123/102/1
f 120/155/1 24/151/1 121/101/1
f 119/156/1 24/151/1 120/155/1
f 24/151/1 119/156/1 25/157/1
f 118/158/1 25/157/1 119/156/1
f 117/103/1 25/157/1 118/158/1
f 25/157/1 117/103/1 26/159/1
f 26/159/1 117/103/1 27/160/1
f 142/108/1 27/160/1 117/103/1
f 27/160/1 142/108/1 28/161/1
f 28/161/1 142/108/1 29/162/1
f 178/2/1 29/162/1 142/108/1
f 29/162/1 178/2/1 30/163/1
f 80/110/1 30/163/1 178/2/1
f 79/164/1 30/163/1 80/110/1
f 78/165/1 30/163/1 79/164/1
f 30/163/1 78/165/1 31/166/1
f 77/167/1 31/166/1 78/165/1
f 31/166/1 77/167/1 32/168/1
f 76/169/1 32/168/1 77/167/1
f 32/168/1 76/169/1 33/170/1
f 75/171/1 33/170/1 76/169/1
f 33/170/1 75/171/1 34/172/1
f 74/113/1 34/172/1 75/171/1
f 35/112/1 34/172/1 74/113/1
f 152/64/1 113/173/1 112/63/1
f 151/174/1 113/173/1 152/64/1
f 150/175/1 113/173/1 151/174/1
f 113/173/1 150/175/1 114/92/1
f 114/92/1 150/175/1 149/90/1
f 81/66/1 176/176/1 175/67/1
f 176/176/1 81/66/1 177/109/1
f 177/109/1 81/66/1 80/110/1
f 70/96/1 69/57/1 40/99/1
f 41/59/1 40/99/1 69/57/1
f 207/177/1 209/178/1 208/179/1
f 204/180/1 207/177/1 205/181/1
f 206/182/1 205/181/1 207/177/1
f 203/183/1 211/184/1 210/185/1
f 212/186/1 211/184/1 202/187/1
f 203/183/1 202/187/1 211/184/1
f 207/177/1 210/185/1 209/178/1
f 204/180/1 210/185/1 207/177/1
f 210/185/1 204/180/1 203/183/1
f 218/188/1 217/189/1 219/190/1
f 217/189/1 216/191/1 219/190/1
f 213/3/1 212/186/1 201/192/1
f 202/187/1 201/192/1 212/186/1
f 192/193/1 195/194/1 193/195/1
f 194/196/1 193/195/1 195/194/1
f 227/197/1 226/198/1 187/199/1
f 188/200/1 187/199/1 226/198/1
f 230/2/1 229/201/1 183/202/1
f 229/201/1 228/203/1 183/202/1
f 186/204/1 183/202/1 228/203/1
f 185/205/1 183/202/1 186/204/1
f 183/202/1 185/205/1 184/206/1
f 228/203/1 227/197/1 186/204/1
f 187/199/1 186/204/1 227/197/1
f 226/198/1 225/207/1 188/200/1
f 189/208/1 188/200/1 225/207/1
f 180/209/1 182/210/1 181/211/1
f 182/210/1 180/209/1 179/4/1
f 220/212/1 219/190/1 221/213/1
f 221/213/1 219/190/1 222/214/1
f 216/191/1 222/214/1 219/190/1
f 215/215/1 222/214/1 216/191/1
f 222/214/1 215/215/1 223/216/1
f 214/217/1 223/216/1 215/215/1
f 223/216/1 214/217/1 224/218/1
f 213/3/1 224/218/1 214/217/1
f 224/218/1 213/3/1 225/207/1
f 225/207/1 213/3/1 189/208/1
f 201/192/1 189/208/1 213/3/1
f 200/219/1 189/208/1 201/192/1
f 189/208/1 200/219/1 190/220/1
f 199/221/1 190/220/1 200/219/1
f 190/220/1 199/221/1 191/222/1
f 198/223/1 191/222/1 199/221/1
f 191/222/1 198/223/1 192/193/1
f 192/193/1 198/223/1 195/194/1
f 197/224/1 195/194/1 198/223/1
f 196/1/1 195/194/1 197/224/1
f 257/225/1 301/226/1 258/227/1
f 301/226/1 257/225/1 302/228/1
f 256/229/1 302/228/1 257/225/1
f 302/228/1 256/229/1 303/230/1
f 255/231/1 303/230/1 256/229/1
f 303/230/1 255/231/1 304/232/1
f 254/233/1 304/232/1 255/231/1
f 304/232/1 254/233/1 305/234/1
f 253/235/1 305/234/1 254/233/1
f 305/234/1 253/235/1 306/236/1
f 252/237/1 306/236/1 253/235/1
f 306/236/1 252/237/1 307/238/1
f 307/238/1 252/237/1 308/239/1
f 251/240/1 308/239/1 252/237/1
f 250/241/1 308/239/1 251/240/1
f 267/242/1 266/243/1 293/244/1
f 294/245/1 293/244/1 266/243/1
f 316/246/1 315/247/1 243/248/1
f 266/243/1 265/249/1 294/245/1
f 295/250/1 294/245/1 265/249/1
f 244/251/1 315/247/1 314/252/1
f 315/247/1 244/251/1 243/248/1
f 265/249/1 264/253/1 295/250/1
f 295/250/1 264/253/1 296/254/1
f 263/255/1 296/254/1 264/253/1
f 297/256/1 296/254/1 263/255/1
f 246/257/1 313/258/1 312/259/1
f 245/260/1 313/258/1 246/257/1
f 313/258/1 245/260/1 314/252/1
f 314/252/1 245/260/1 244/251/1
f 263/255/1 262/261/1 297/256/1
f 297/256/1 262/261/1 298/262/1
f 261/263/1 298/262/1 262/261/1
f 298/262/1 261/263/1 299/264/1
f 260/265/1 299/264/1 261/263/1
f 299/264/1 260/265/1 300/266/1
f 259/267/1 300/266/1 260/265/1
f 258/227/1 300/266/1 259/267/1
f 301/226/1 300/266/1 258/227/1
f 250/241/1 309/268/1 308/239/1
f 249/269/1 309/268/1 250/241/1
f 309/268/1 249/269/1 310/270/1
f 248/271/1 310/270/1 249/269/1
f 310/270/1 248/271/1 311/272/1
f 247/273/1 311/272/1 248/271/1
f 311/272/1 247/273/1 312/259/1
f 312/259/1 247/273/1 246/257/1
f 318/274/1 317/275/1 241/276/1
f 242/277/1 241/276/1 317/275/1
f 291/278/1 270/279/1 269/280/1
f 270/279/1 291/278/1 290/281/1
f 292/282/1 269/280/1 268/283/1
f 269/280/1 292/282/1 291/278/1
f 319/284/1 318/274/1 240/285/1
f 241/276/1 240/285/1 318/274/1
f 289/286/1 272/287/1 271/288/1
f 272/287/1 289/286/1 288/289/1
f 320/290/1 237/291/1 321/292/1
f 238/293/1 237/291/1 320/290/1
f 290/281/1 271/288/1 270/279/1
f 271/288/1 290/281/1 289/286/1
f 320/290/1 319/284/1 238/293/1
f 238/293/1 319/284/1 239/294/1
f 240/285/1 239/294/1 319/284/1
f 274/295/1 286/296/1 275/297/1
f 285/298/1 275/297/1 286/296/1
f 279/299/1 281/300/1 280/301/1
f 278/302/1 283/303/1 279/299/1
f 282/304/1 279/299/1 283/303/1
f 279/299/1 282/304/1 281/300/1
f 328/2/1 327/305/1 231/4/1
f 285/298/1 276/306/1 275/297/1
f 284/307/1 276/306/1 285/298/1
f 276/306/1 284/307/1 277/308/1
f 277/308/1 284/307/1 278/302/1
f 278/302/1 284/307/1 283/303/1
f 327/305/1 326/309/1 231/4/1
f 325/310/1 231/4/1 326/309/1
f 231/4/1 325/310/1 232/311/1
f 324/312/1 232/311/1 325/310/1
f 232/311/1 324/312/1 233/313/1
f 288/289/1 273/314/1 272/287/1
f 287/315/1 273/314/1 288/289/1
f 273/314/1 287/315/1 274/295/1
f 274/295/1 287/315/1 286/296/1
f 324/312/1 323/316/1 233/313/1
f 233/313/1 323/316/1 234/317/1
f 322/318/1 234/317/1 323/316/1
f 234/317/1 322/318/1 235/319/1
f 235/319/1 322/318/1 236/320/1
f 321/292/1 236/320/1 322/318/1
f 237/291/1 236/320/1 321/292/1
f 268/283/1 267/242/1 292/282/1
f 293/244/1 292/282/1 267/242/1
f 317/275/1 316/246/1 242/277/1
f 243/248/1 242/277/1 316/246/1
f 357/177/1 359/178/1 358/179/1
f 354/180/1 357/177/1 355/181/1
f 356/182/1 355/181/1 357/177/1
f 353/183/1 361/184/1 360/185/1
f 362/186/1 361/184/1 352/187/1
f 353/183/1 352/187/1 361/184/1
f 357/177/1 360/185/1 359/178/1
f 354/180/1 360/185/1 357/177/1
f 360/185/1 354/180/1 353/183/1
f 368/188/1 367/189/1 369/190/1
f 367/189/1 366/191/1 369/190/1
f 363/3/1 362/186/1 351/192/1
f 352/187/1 351/192/1 362/186/1
f 342/193/1 345/194/1 343/195/1
f 344/196/1 343/195/1 345/194/1
f 377/197/1 376/198/1 337/199/1
f 338/200/1 337/199/1 376/198/1
f 380/2/1 379/201/1 333/202/1
f 379/201/1 378/203/1 333/202/1
f 336/204/1 333/202/1 378/203/1
f 335/205/1 333/202/1 336/204/1
f 333/202/1 335/205/1 334/206/1
f 378/203/1 377/197/1 336/204/1
f 337/199/1 336/204/1 377/197/1
f 376/198/1 375/207/1 338/200/1
f 339/208/1 338/200/1 375/207/1
f 330/209/1 332/210/1 331/211/1
f 332/210/1 330/209/1 329/4/1
f 370/212/1 369/190/1 371/213/1
f 371/213/1 369/190/1 372/214/1
f 366/191/1 372/214/1 369/190/1
f 365/215/1 372/214/1 366/191/1
f 372/214/1 365/215/1 373/216/1
f 364/217/1 373/216/1 365/215/1
f 373/216/1 364/217/1 374/218/1
f 363/3/1 374/218/1 364/217/1
f 374/218/1 363/3/1 375/207/1
f 375/207/1 363/3/1 339/208/1
f 351/192/1 339/208/1 363/3/1
f 350/219/1 339/208/1 351/192/1
f 339/208/1 350/219/1 340/220/1
f 349/221/1 340/220/1 350/219/1
f 340/220/1 349/221/1 341/222/1
f 348/223/1 341/222/1 349/221/1
f 341/222/1 348/223/1 342/193/1
f 342/193/1 348/223/1 345/194/1
f 347/224/1 345/194/1 348/223/1
f 346/1/1 345/194/1 347/224/1
f 407/321/1 409/322/1 408/323/1
f 409/322/1 407/321/1 406/324/1
f 409/322/1 411/325/1 410/326/1
f 411/325/1 409/322/1 412/327/1
f 406/324/1 412/327/1 409/322/1
f 412/327/1 406/324/1 415/328/1
f 405/329/1 415/328/1 406/324/1
f 415/328/1 405/329/1 416/330/1
f 404/331/1 416/330/1 405/329/1
f 416/330/1 404/331/1 417/332/1
f 403/333/1 417/332/1 404/331/1
f 417/332/1 403/333/1 418/334/1
f 402/335/1 418/334/1 403/333/1
f 418/334/1 402/335/1 419/336/1
f 401/337/1 419/336/1 402/335/1
f 400/338/1 419/336/1 401/337/1
f 419/336/1 400/338/1 420/339/1
f 399/340/1 420/339/1 400/338/1
f 398/341/1 420/339/1 399/340/1
f 427/342/1 426/343/1 385/344/1
f 386/345/1 385/344/1 426/343/1
f 428/346/1 427/342/1 384/347/1
f 385/344/1 384/347/1 427/342/1
f 388/348/1 426/343/1 425/349/1
f 387/350/1 426/343/1 388/348/1
f 426/343/1 387/350/1 386/345/1
f 440/2/1 439/351/1 381/4/1
f 438/352/1 381/4/1 439/351/1
f 438/352/1 437/353/1 381/4/1
f 436/354/1 381/4/1 437/353/1
f 435/355/1 381/4/1 436/354/1
f 435/355/1 434/356/1 381/4/1
f 433/357/1 381/4/1 434/356/1
f 432/358/1 381/4/1 433/357/1
f 381/4/1 432/358/1 382/359/1
f 431/360/1 382/359/1 432/358/1
f 430/361/1 382/359/1 431/360/1
f 429/362/1 382/359/1 430/361/1
f 383/363/1 382/359/1 429/362/1
f 429/362/1 428/346/1 383/363/1
f 384/347/1 383/363/1 428/346/1
f 415/328/1 413/364/1 412/327/1
f 413/364/1 415/328/1 414/365/1
f 398/341/1 421/366/1 420/339/1
f 397/367/1 421/366/1 398/341/1
f 396/368/1 421/366/1 397/367/1
f 421/366/1 396/368/1 422/369/1
f 395/370/1 422/369/1 396/368/1
f 394/371/1 422/369/1 395/370/1
f 422/369/1 394/371/1 423/372/1
f 393/373/1 423/372/1 394/371/1
f 392/374/1 423/372/1 393/373/1
f 423/372/1 392/374/1 424/375/1
f 391/376/1 424/375/1 392/374/1
f 390/377/1 424/375/1 391/376/1
f 424/375/1 390/377/1 425/349/1
f 389/378/1 425/349/1 390/377/1
f 425/349/1 389/378/1 388/348/1
f 469/177/1 471/178/1 470/179/1
f 466/180/1 469/177/1 467/181/1
f 468/182/1 467/181/1 469/177/1
f 465/183/1 473/184/1 472/185/1
f 474/186/1 473/184/1 464/187/1
f 465/183/1 464/187/1 473/184/1
f 469/177/1 472/185/1 471/178/1
f 466/180/1 472/185/1 469/177/1
f 472/185/1 466/180/1 465/183/1
f 480/188/1 479/189/1 481/190/1
f 479/189/1 478/191/1 481/190/1
f 475/3/1 474/186/1 463/192/1
f 464/187/1 463/192/1 474/186/1
f 454/193/1 457/194/1 455/195/1
f 456/196/1 455/195/1 457/194/1
f 489/197/1 488/198/1 449/199/1
f 450/200/1 449/199/1 488/198/1
f 492/2/1 491/201/1 445/202/1
f 491/201/1 490/203/1 445/202/1
f 448/204/1 445/202/1 490/203/1
f 447/205/1 445/202/1 448/204/1
f 445/202/1 447/205/1 446/206/1
f 490/203/1 489/197/1 448/204/1
f 449/199/1 448/204/1 489/197/1
f 488/198/1 487/207/1 450/200/1
f 451/208/1 450/200/1 487/207/1
f 442/209/1 444/210/1 443/211/1
f 444/210/1 442/209/1 441/4/1
f 482/212/1 481/190/1 483/213/1
f 483/213/1 481/190/1 484/214/1
f 478/191/1 484/214/1 481/190/1
f 477/215/1 484/214/1 478/191/1
f 484/214/1 477/215/1 485/216/1
f 476/217/1 485/216/1 477/215/1
f 485/216/1 476/217/1 486/218/1
f 475/3/1 486/218/1 476/217/1
f 486/218/1 475/3/1 487/207/1
f 487/207/1 475/3/1 451/208/1
f 463/192/1 451/208/1 475/3/1
f 462/219/1 451/208/1 463/192/1
f 451/208/1 462/219/1 452/220/1
f 461/221/1 452/220/1 462/219/1
f 452/220/1 461/221/1 453/222/1
f 460/223/1 453/222/1 461/221/1
f 453/222/1 460/223/1 454/193/1
f 454/193/1 460/223/1 457/194/1
f 459/224/1 457/194/1 460/223/1
f 458/1/1 457/194/1 459/224/1
f 494/379/1 496/380/1 495/381/1
f 496/380/1 546/382/1 497/383/1
f 536/384/1 508/385/1 537/386/1
f 508/385/1 507/387/1 537/386/1
f 537/386/1 507/387/1 538/388/1
f 507/387/1 506/389/1 538/388/1
f 538/388/1 506/389/1 539/390/1
f 505/391/1 539/390/1 506/389/1
f 539/390/1 505/391/1 540/392/1
f 504/393/1 540/392/1 505/391/1
f 540/392/1 504/393/1 541/394/1
f 503/395/1 541/394/1 504/393/1
f 541/394/1 503/395/1 542/396/1
f 502/397/1 542/396/1 503/395/1
f 501/398/1 542/396/1 502/397/1
f 542/396/1 501/398/1 543/399/1
f 500/400/1 543/399/1 501/398/1
f 543/399/1 500/400/1 544/401/1
f 499/402/1 544/401/1 500/400/1
f 498/403/1 544/401/1 499/402/1
f 544/401/1 498/403/1 545/404/1
f 497/383/1 545/404/1 498/403/1
f 546/382/1 545/404/1 497/383/1
f 496/380/1 547/405/1 546/382/1
f 547/405/1 496/380/1 550/2/1
f 494/379/1 550/2/1 496/380/1
f 550/2/1 494/379/1 493/4/1
f 535/406/1 534/407/1 509/408/1
f 534/407/1 510/409/1 509/408/1
f 510/409/1 534/407/1 511/410/1
f 511/410/1 534/407/1 533/411/1
f 514/412/1 531/3/1 515/413/1
f 515/413/1 531/3/1 530/414/1
f 533/411/1 512/1/1 511/410/1
f 512/1/1 533/411/1 513/415/1
f 532/416/1 513/415/1 533/411/1
f 513/415/1 532/416/1 514/412/1
f 514/412/1 532/416/1 531/3/1
f 517/417/1 528/418/1 518/419/1
f 521/420/1 523/421/1 522/422/1
f 521/420/1 524/423/1 523/421/1
f 528/418/1 519/424/1 518/419/1
f 527/425/1 519/424/1 528/418/1
f 519/424/1 527/425/1 520/426/1
f 526/427/1 520/426/1 527/425/1
f 520/426/1 526/427/1 521/420/1
f 525/428/1 521/420/1 526/427/1
f 521/420/1 525/428/1 524/423/1
f 530/414/1 516/429/1 515/413/1
f 529/430/1 516/429/1 530/414/1
f 516/429/1 529/430/1 517/417/1
f 517/417/1 529/430/1 528/418/1
f 536/384/1 509/408/1 508/385/1
f 509/408/1 536/384/1 535/406/1
f 550/2/1 548/431/1 547/405/1
f 548/431/1 550/2/1 549/432/1
f 552/433/1 554/434/1 553/435/1
f 551/4/1 554/434/1 552/433/1
f 551/4/1 555/436/1 554/434/1
f 555/436/1 551/4/1 556/437/1
f 604/438/1 556/437/1 551/4/1
f 556/437/1 604/438/1 557/439/1
f 557/439/1 604/438/1 558/440/1
f 558/440/1 604/438/1 559/441/1
f 559/441/1 604/438/1 603/442/1
f 561/443/1 601/444/1 562/445/1
f 600/446/1 562/445/1 601/444/1
f 596/447/1 565/448/1 597/449/1
f 600/446/1 563/450/1 562/445/1
f 599/451/1 563/450/1 600/446/1
f 563/450/1 599/451/1 564/452/1
f 598/453/1 564/452/1 599/451/1
f 564/452/1 598/453/1 565/448/1
f 565/448/1 598/453/1 597/449/1
f 603/442/1 560/454/1 559/441/1
f 602/455/1 560/454/1 603/442/1
f 560/454/1 602/455/1 561/443/1
f 561/443/1 602/455/1 601/444/1
f 592/456/1 591/457/1 568/458/1
f 568/458/1 567/459/1 592/456/1
f 593/460/1 592/456/1 567/459/1
f 570/461/1 569/1/1 588/462/1
f 588/462/1 569/1/1 589/463/1
f 589/463/1 569/1/1 590/464/1
f 568/458/1 590/464/1 569/1/1
f 591/457/1 590/464/1 568/458/1
f 578/465/1 577/466/1 579/467/1
f 576/468/1 579/467/1 577/466/1
f 579/467/1 576/468/1 580/469/1
f 575/470/1 580/469/1 576/468/1
f 580/469/1 575/470/1 581/471/1
f 574/472/1 581/471/1 575/470/1
f 581/471/1 574/472/1 582/473/1
f 574/472/1 573/474/1 582/473/1
f 582/473/1 573/474/1 583/475/1
f 583/475/1 573/474/1 584/476/1
f 572/477/1 584/476/1 573/474/1
f 584/476/1 572/477/1 585/478/1
f 571/479/1 585/478/1 572/477/1
f 585/478/1 571/479/1 586/480/1
f 586/480/1 571/479/1 587/3/1
f 570/461/1 587/3/1 571/479/1
f 588/462/1 587/3/1 570/461/1
f 596/447/1 566/481/1 565/448/1
f 595/482/1 566/481/1 596/447/1
f 594/483/1 566/481/1 595/482/1
f 566/481/1 594/483/1 567/459/1
f 567/459/1 594/483/1 593/460/1
f 551/4/1 605/2/1 604/438/1
f 608/484/1 610/485/1 609/486/1
f 610/485/1 608/484/1 616/2/1
f 616/2/1 608/484/1 607/487/1
f 606/4/1 615/488/1 614/489/1
f 611/465/1 613/490/1 612/491/1
f 611/465/1 615/488/1 613/490/1
f 606/4/1 613/490/1 615/488/1
f 611/465/1 610/485/1 615/488/1
f 616/2/1 615/488/1 610/485/1
f 607/487/1 614/489/1 616/2/1
f 614/489/1 607/487/1 606/4/1
f 619/492/1 621/493/1 620/494/1
f 618/495/1 621/493/1 619/492/1
f 621/493/1 618/495/1 673/2/1
f 673/2/1 618/495/1 617/4/1
f 673/2/1 622/496/1 621/493/1
f 622/496/1 673/2/1 623/497/1
f 672/498/1 623/497/1 673/2/1
f 623/497/1 672/498/1 624/499/1
f 624/499/1 672/498/1 625/500/1
f 625/500/1 672/498/1 671/501/1
f 631/502/1 664/503/1 632/504/1
f 632/504/1 664/503/1 663/505/1
f 668/506/1 629/507/1 628/508/1
f 667/509/1 629/507/1 668/506/1
f 629/507/1 667/509/1 630/510/1
f 666/511/1 630/510/1 667/509/1
f 665/512/1 630/510/1 666/511/1
f 630/510/1 665/512/1 631/502/1
f 631/502/1 665/512/1 664/503/1
f 671/501/1 626/513/1 625/500/1
f 670/514/1 626/513/1 671/501/1
f 626/513/1 670/514/1 627/515/1
f 669/516/1 627/515/1 670/514/1
f 627/515/1 669/516/1 628/508/1
f 628/508/1 669/516/1 668/506/1
f 636/517/1 635/518/1 659/519/1
f 660/520/1 659/519/1 635/518/1
f 635/518/1 634/521/1 660/520/1
f 661/522/1 660/520/1 634/521/1
f 637/523/1 636/517/1 658/524/1
f 659/519/1 658/524/1 636/517/1
f 647/525/1 646/526/1 648/527/1
f 645/465/1 648/527/1 646/526/1
f 644/528/1 648/527/1 645/465/1
f 648/527/1 644/528/1 649/529/1
f 643/530/1 649/529/1 644/528/1
f 649/529/1 643/530/1 650/531/1
f 643/530/1 642/532/1 650/531/1
f 650/531/1 642/532/1 651/533/1
f 641/534/1 651/533/1 642/532/1
f 651/533/1 641/534/1 652/535/1
f 640/536/1 652/535/1 641/534/1
f 652/535/1 640/536/1 653/537/1
f 639/538/1 653/537/1 640/536/1
f 653/537/1 639/538/1 654/539/1
f 654/539/1 639/538/1 655/540/1
f 638/541/1 655/540/1 639/538/1
f 655/540/1 638/541/1 656/542/1
f 637/523/1 656/542/1 638/541/1
f 656/542/1 637/523/1 657/543/1
f 658/524/1 657/543/1 637/523/1
f 663/505/1 633/544/1 632/504/1
f 662/545/1 633/544/1 663/505/1
f 633/544/1 662/545/1 634/521/1
f 634/521/1 662/545/1 661/522/1
f 690/546/1 754/547/1 691/548/1
f 754/547/1 690/546/1 755/549/1
f 689/550/1 755/549/1 690/546/1
f 755/549/1 689/550/1 756/551/1
f 688/552/1 756/551/1 689/550/1
f 687/553/1 756/551/1 688/552/1
f 756/551/1 687/553/1 757/554/1
f 686/555/1 757/554/1 687/553/1
f 757/554/1 686/555/1 758/556/1
f 685/439/1 758/556/1 686/555/1
f 758/556/1 685/439/1 759/557/1
f 684/558/1 759/557/1 685/439/1
f 759/557/1 684/558/1 760/559/1
f 683/560/1 760/559/1 684/558/1
f 760/559/1 683/560/1 761/561/1
f 682/562/1 761/561/1 683/560/1
f 761/561/1 682/562/1 762/451/1
f 681/563/1 762/451/1 682/562/1
f 765/564/1 678/565/1 766/566/1
f 766/566/1 678/565/1 677/567/1
f 676/568/1 768/569/1 767/570/1
f 747/571/1 698/572/1 697/573/1
f 698/572/1 747/571/1 746/574/1
f 697/573/1 748/575/1 747/571/1
f 769/576/1 768/569/1 675/577/1
f 676/568/1 675/577/1 768/569/1
f 697/573/1 696/450/1 748/575/1
f 748/575/1 696/450/1 749/578/1
f 695/579/1 749/578/1 696/450/1
f 750/580/1 749/578/1 695/579/1
f 677/567/1 767/570/1 766/566/1
f 767/570/1 677/567/1 676/568/1
f 695/579/1 694/581/1 750/580/1
f 750/580/1 694/581/1 751/460/1
f 693/582/1 751/460/1 694/581/1
f 751/460/1 693/582/1 752/583/1
f 692/584/1 752/583/1 693/582/1
f 752/583/1 692/584/1 753/585/1
f 691/548/1 753/585/1 692/584/1
f 754/547/1 753/585/1 691/548/1
f 681/563/1 763/586/1 762/451/1
f 680/587/1 763/586/1 681/563/1
f 763/586/1 680/587/1 764/588/1
f 679/589/1 764/588/1 680/587/1
f 764/588/1 679/589/1 765/564/1
f 765/564/1 679/589/1 678/565/1
f 723/590/1 674/4/1 721/591/1
f 725/592/1 724/593/1 720/594/1
f 699/595/1 745/596/1 744/597/1
f 721/591/1 724/593/1 723/590/1
f 724/593/1 721/591/1 720/594/1
f 726/598/1 718/470/1 727/599/1
f 719/600/1 718/470/1 726/598/1
f 744/597/1 700/601/1 699/595/1
f 743/602/1 700/601/1 744/597/1
f 700/601/1 743/602/1 701/603/1
f 701/603/1 743/602/1 742/604/1
f 726/598/1 725/592/1 719/600/1
f 720/594/1 719/600/1 725/592/1
f 770/605/1 773/2/1 772/606/1
f 705/607/1 738/608/1 706/609/1
f 737/610/1 706/609/1 738/608/1
f 706/609/1 737/610/1 707/1/1
f 736/611/1 707/1/1 737/610/1
f 707/1/1 736/611/1 708/612/1
f 735/613/1 708/612/1 736/611/1
f 708/612/1 735/613/1 709/614/1
f 734/615/1 709/614/1 735/613/1
f 709/614/1 734/615/1 710/616/1
f 733/617/1 710/616/1 734/615/1
f 710/616/1 733/617/1 711/618/1
f 732/619/1 711/618/1 733/617/1
f 711/618/1 732/619/1 712/620/1
f 712/620/1 732/619/1 713/621/1
f 731/622/1 713/621/1 732/619/1
f 713/621/1 731/622/1 714/623/1
f 730/624/1 714/623/1 731/622/1
f 714/623/1 730/624/1 715/625/1
f 742/604/1 702/626/1 701/603/1
f 741/627/1 702/626/1 742/604/1
f 702/626/1 741/627/1 703/628/1
f 740/3/1 703/628/1 741/627/1
f 703/628/1 740/3/1 704/629/1
f 739/630/1 704/629/1 740/3/1
f 704/629/1 739/630/1 705/607/1
f 705/607/1 739/630/1 738/608/1
f 730/624/1 729/471/1 715/625/1
f 715/625/1 729/471/1 716/631/1
f 728/632/1 716/631/1 729/471/1
f 716/631/1 728/632/1 717/633/1
f 727/599/1 717/633/1 728/632/1
f 718/470/1 717/633/1 727/599/1
f 699/595/1 698/572/1 745/596/1
f 746/574/1 745/596/1 698/572/1
f 723/590/1 722/634/1 674/4/1
f 769/576/1 674/4/1 722/634/1
f 675/577/1 674/4/1 769/576/1
f 772/606/1 771/635/1 770/605/1
f 802/177/1 804/178/1 803/179/1
f 804/178/1 802/177/1 805/185/1
f 801/182/1 800/181/1 802/177/1
f 799/180/1 798/183/1 806/184/1
f 798/183/1 807/186/1 806/184/1
f 807/186/1 798/183/1 797/187/1
f 806/184/1 805/185/1 799/180/1
f 802/177/1 799/180/1 805/185/1
f 800/181/1 799/180/1 802/177/1
f 813/188/1 812/189/1 814/190/1
f 811/191/1 814/190/1 812/189/1
f 797/187/1 808/3/1 807/186/1
f 808/3/1 797/187/1 796/192/1
f 789/196/1 788/195/1 790/194/1
f 788/195/1 787/193/1 790/194/1
f 783/200/1 822/197/1 821/198/1
f 822/197/1 783/200/1 782/199/1
f 778/202/1 780/205/1 779/206/1
f 825/2/1 824/201/1 778/202/1
f 823/203/1 778/202/1 824/201/1
f 781/204/1 778/202/1 823/203/1
f 778/202/1 781/204/1 780/205/1
f 782/199/1 823/203/1 822/197/1
f 823/203/1 782/199/1 781/204/1
f 784/208/1 821/198/1 820/207/1
f 821/198/1 784/208/1 783/200/1
f 775/209/1 777/210/1 776/211/1
f 777/210/1 775/209/1 774/4/1
f 815/212/1 814/190/1 816/213/1
f 816/213/1 814/190/1 817/214/1
f 811/191/1 817/214/1 814/190/1
f 810/215/1 817/214/1 811/191/1
f 817/214/1 810/215/1 818/216/1
f 809/217/1 818/216/1 810/215/1
f 818/216/1 809/217/1 819/218/1
f 808/3/1 819/218/1 809/217/1
f 819/218/1 808/3/1 820/207/1
f 796/192/1 820/207/1 808/3/1
f 820/207/1 796/192/1 784/208/1
f 795/219/1 784/208/1 796/192/1
f 784/208/1 795/219/1 785/220/1
f 794/221/1 785/220/1 795/219/1
f 785/220/1 794/221/1 786/222/1
f 793/223/1 786/222/1 794/221/1
f 786/222/1 793/223/1 787/193/1
f 787/193/1 793/223/1 790/194/1
f 792/224/1 790/194/1 793/223/1
f 791/1/1 790/194/1 792/224/1
f 884/636/1 887/637/1 885/638/1
f 886/639/1 885/638/1 887/637/1
f 893/640/1 892/641/1 879/642/1
f 879/642/1 892/641/1 880/643/1
f 891/644/1 880/643/1 892/641/1
f 891/644/1 890/645/1 880/643/1
f 880/643/1 890/645/1 881/646/1
f 889/426/1 881/646/1 890/645/1
f 881/646/1 889/426/1 882/417/1
f 888/647/1 882/417/1 889/426/1
f 882/417/1 888/647/1 883/534/1
f 887/637/1 883/534/1 888/647/1
f 884/636/1 883/534/1 887/637/1
f 849/648/1 935/649/1 850/650/1
f 935/649/1 849/648/1 936/651/1
f 848/652/1 936/651/1 849/648/1
f 947/653/1 946/654/1 838/655/1
f 875/412/1 874/656/1 898/657/1
f 898/657/1 897/658/1 875/412/1
f 876/659/1 875/412/1 897/658/1
f 945/401/1 839/660/1 946/654/1
f 946/654/1 839/660/1 838/655/1
f 897/658/1 896/421/1 876/659/1
f 895/661/1 876/659/1 896/421/1
f 877/662/1 876/659/1 895/661/1
f 926/663/1 856/664/1 927/665/1
f 943/666/1 840/402/1 944/667/1
f 944/667/1 840/402/1 945/401/1
f 945/401/1 840/402/1 839/660/1
f 895/661/1 894/668/1 877/662/1
f 877/662/1 894/668/1 878/669/1
f 893/640/1 878/669/1 894/668/1
f 879/642/1 878/669/1 893/640/1
f 856/664/1 855/670/1 927/665/1
f 927/665/1 855/670/1 928/671/1
f 928/671/1 855/670/1 929/672/1
f 854/391/1 929/672/1 855/670/1
f 929/672/1 854/391/1 930/673/1
f 853/674/1 930/673/1 854/391/1
f 930/673/1 853/674/1 931/388/1
f 931/388/1 853/674/1 932/675/1
f 852/676/1 932/675/1 853/674/1
f 932/675/1 852/676/1 933/677/1
f 851/678/1 933/677/1 852/676/1
f 933/677/1 851/678/1 934/679/1
f 850/650/1 934/679/1 851/678/1
f 935/649/1 934/679/1 850/650/1
f 848/652/1 937/680/1 936/651/1
f 847/397/1 937/680/1 848/652/1
f 937/680/1 847/397/1 938/394/1
f 846/681/1 938/394/1 847/397/1
f 845/500/1 938/394/1 846/681/1
f 938/394/1 845/500/1 939/682/1
f 844/683/1 939/682/1 845/500/1
f 939/682/1 844/683/1 940/512/1
f 843/684/1 940/512/1 844/683/1
f 940/512/1 843/684/1 941/685/1
f 842/686/1 941/685/1 843/684/1
f 941/685/1 842/686/1 942/687/1
f 841/688/1 942/687/1 842/686/1
f 942/687/1 841/688/1 943/666/1
f 943/666/1 841/688/1 840/402/1
f 873/689/1 900/690/1 899/691/1
f 872/692/1 900/690/1 873/689/1
f 900/690/1 872/692/1 871/693/1
f 950/694/1 949/695/1 835/696/1
f 835/696/1 949/695/1 836/697/1
f 948/698/1 836/697/1 949/695/1
f 837/699/1 836/697/1 948/698/1
f 871/693/1 901/700/1 900/690/1
f 870/701/1 901/700/1 871/693/1
f 924/406/1 923/702/1 858/703/1
f 951/704/1 950/694/1 833/380/1
f 833/380/1 950/694/1 834/705/1
f 835/696/1 834/705/1 950/694/1
f 954/706/1 828/707/1 955/708/1
f 828/707/1 954/706/1 829/709/1
f 959/2/1 958/710/1 826/4/1
f 958/710/1 957/711/1 826/4/1
f 956/712/1 826/4/1 957/711/1
f 826/4/1 956/712/1 827/713/1
f 955/708/1 827/713/1 956/712/1
f 828/707/1 827/713/1 955/708/1
f 870/701/1 902/529/1 901/700/1
f 869/714/1 902/529/1 870/701/1
f 902/529/1 869/714/1 903/427/1
f 868/410/1 903/427/1 869/714/1
f 903/427/1 868/410/1 904/715/1
f 867/716/1 904/715/1 868/410/1
f 904/715/1 867/716/1 905/717/1
f 866/718/1 905/717/1 867/716/1
f 905/717/1 866/718/1 906/719/1
f 865/720/1 906/719/1 866/718/1
f 906/719/1 865/720/1 907/721/1
f 907/721/1 865/720/1 908/722/1
f 864/544/1 908/722/1 865/720/1
f 908/722/1 864/544/1 909/723/1
f 863/724/1 909/723/1 864/544/1
f 909/723/1 863/724/1 910/430/1
f 862/725/1 910/430/1 863/724/1
f 910/430/1 862/725/1 911/726/1
f 911/726/1 862/725/1 912/727/1
f 912/727/1 862/725/1 913/728/1
f 913/728/1 862/725/1 914/729/1
f 861/385/1 914/729/1 862/725/1
f 914/729/1 861/385/1 915/730/1
f 915/730/1 861/385/1 916/731/1
f 916/731/1 861/385/1 917/416/1
f 917/416/1 861/385/1 918/732/1
f 918/732/1 861/385/1 919/733/1
f 860/734/1 919/733/1 861/385/1
f 919/733/1 860/734/1 920/735/1
f 920/735/1 860/734/1 921/543/1
f 859/736/1 921/543/1 860/734/1
f 921/543/1 859/736/1 922/737/1
f 858/703/1 922/737/1 859/736/1
f 923/702/1 922/737/1 858/703/1
f 954/706/1 953/738/1 829/709/1
f 829/709/1 953/738/1 830/739/1
f 830/739/1 953/738/1 831/740/1
f 952/405/1 831/740/1 953/738/1
f 831/740/1 952/405/1 832/741/1
f 951/704/1 832/741/1 952/405/1
f 833/380/1 832/741/1 951/704/1
f 874/656/1 899/691/1 898/657/1
f 899/691/1 874/656/1 873/689/1
f 858/703/1 857/742/1 924/406/1
f 924/406/1 857/742/1 925/743/1
f 856/664/1 925/743/1 857/742/1
f 926/663/1 925/743/1 856/664/1
f 948/698/1 947/653/1 837/699/1
f 838/655/1 837/699/1 947/653/1
f 988/177/1 990/178/1 989/179/1
f 985/180/1 988/177/1 986/181/1
f 987/182/1 986/181/1 988/177/1
f 984/183/1 992/184/1 991/185/1
f 993/186/1 992/184/1 983/187/1
f 984/183/1 983/187/1 992/184/1
f 988/177/1 991/185/1 990/178/1
f 985/180/1 991/185/1 988/177/1
f 991/185/1 985/180/1 984/183/1
f 999/188/1 998/189/1 1000/190/1
f 998/189/1 997/191/1 1000/190/1
f 994/3/1 993/186/1 982/192/1
f 983/187/1 982/192/1 993/186/1
f 973/193/1 976/194/1 974/195/1
f 975/196/1 974/195/1 976/194/1
f 1008/197/1 1007/198/1 968/199/1
f 969/200/1 968/199/1 1007/198/1
f 1011/2/1 1010/201/1 964/202/1
f 1010/201/1 1009/203/1 964/202/1
f 967/204/1 964/202/1 1009/203/1
f 966/205/1 964/202/1 967/204/1
f 964/202/1 966/205/1 965/206/1
f 1009/203/1 1008/197/1 967/204/1
f 968/199/1 967/204/1 1008/197/1
f 1007/198/1 1006/207/1 969/200/1
f 970/208/1 969/200/1 1006/207/1
f 961/209/1 963/210/1 962/211/1
f 963/210/1 961/209/1 960/4/1
f 1001/212/1 1000/190/1 1002/213/1
f 1002/213/1 1000/190/1 1003/214/1
f 997/191/1 1003/214/1 1000/190/1
f 996/215/1 1003/214/1 997/191/1
f 1003/214/1 996/215/1 1004/216/1
f 995/217/1 1004/216/1 996/215/1
f 1004/216/1 995/217/1 1005/218/1
f 994/3/1 1005/218/1 995/217/1
f 1005/218/1 994/3/1 1006/207/1
f 982/192/1 1006/207/1 994/3/1
f 1006/207/1 982/192/1 970/208/1
f 981/219/1 970/208/1 982/192/1
f 970/208/1 981/219/1 971/220/1
f 980/221/1 971/220/1 981/219/1
f 971/220/1 980/221/1 972/222/1
f 979/223/1 972/222/1 980/221/1
f 972/222/1 979/223/1 973/193/1
f 973/193/1 979/223/1 976/194/1
f 978/224/1 976/194/1 979/223/1
f 977/1/1 976/194/1 978/224/1
f 1014/1/1 1012/4/1 1018/2/1
f 1012/4/1 1014/1/1 1013/454/1
f 1018/2/1 1017/447/1 1014/1/1
f 1016/3/1 1014/1/1 1017/447/1
f 1015/465/1 1014/1/1 1016/3/1
f 1020/1/2 1021/3/2 1022/2/2
f 1022/2/2 1019/4/2 1020/1/2
f 1072/5/2 1073/7/2 1074/6/2
f 1074/6/2 1075/8/2 1072/5/2
f 1075/8/2 1076/9/2 1072/5/2
f 1068/10/2 1079/12/2 1080/11/2
f 1067/13/2 1068/10/2 1080/11/2
f 1114/14/2 1115/16/2 1181/15/2
f 1113/17/2 1114/14/2 1181/15/2
f 1181/15/2 1182/18/2 1113/17/2
f 1112/19/2 1113/17/2 1182/18/2
f 1182/18/2 1183/20/2 1112/19/2
f 1111/21/2 1112/19/2 1183/20/2
f 1110/22/2 1111/21/2 1183/20/2
f 1183/20/2 1184/23/2 1110/22/2
f 1109/24/2 1110/22/2 1184/23/2
f 1184/23/2 1185/25/2 1109/24/2
f 1108/26/2 1109/24/2 1185/25/2
f 1107/27/2 1108/26/2 1185/25/2
f 1185/25/2 1186/28/2 1107/27/2
f 1106/29/2 1107/27/2 1186/28/2
f 1186/28/2 1105/30/2 1106/29/2
f 1072/5/2 1076/9/2 1077/31/2
f 1077/31/2 1078/32/2 1072/5/2
f 1071/33/2 1072/5/2 1078/32/2
f 1070/34/2 1071/33/2 1078/32/2
f 1078/32/2 1079/12/2 1070/34/2
f 1069/35/2 1070/34/2 1079/12/2
f 1079/12/2 1068/10/2 1069/35/2
f 1125/36/2 1174/38/2 1124/37/2
f 1174/38/2 1175/39/2 1124/37/2
f 1124/37/2 1175/39/2 1123/40/2
f 1175/39/2 1176/41/2 1123/40/2
f 1189/42/2 1190/44/2 1102/43/2
f 1190/44/2 1101/45/2 1102/43/2
f 1083/46/2 1062/48/2 1063/47/2
f 1173/49/2 1126/51/2 1127/50/2
f 1127/50/2 1172/52/2 1173/49/2
f 1061/53/2 1084/55/2 1085/54/2
f 1085/54/2 1060/56/2 1061/53/2
f 1087/57/2 1059/59/2 1086/58/2
f 1172/52/2 1127/50/2 1128/60/2
f 1128/60/2 1129/61/2 1172/52/2
f 1171/62/2 1172/52/2 1129/61/2
f 1129/61/2 1130/63/2 1171/62/2
f 1130/63/2 1170/64/2 1171/62/2
f 1192/65/2 1193/67/2 1099/66/2
f 1060/56/2 1085/54/2 1086/58/2
f 1086/58/2 1059/59/2 1060/56/2
f 1174/38/2 1125/36/2 1126/51/2
f 1126/51/2 1173/49/2 1174/38/2
f 1101/45/2 1190/44/2 1191/68/2
f 1100/69/2 1101/45/2 1191/68/2
f 1191/68/2 1192/65/2 1100/69/2
f 1192/65/2 1099/66/2 1100/69/2
f 1062/48/2 1083/46/2 1084/55/2
f 1084/55/2 1061/53/2 1062/48/2
f 1123/40/2 1176/41/2 1122/70/2
f 1176/41/2 1177/71/2 1122/70/2
f 1121/72/2 1122/70/2 1177/71/2
f 1120/73/2 1121/72/2 1177/71/2
f 1177/71/2 1178/74/2 1120/73/2
f 1119/75/2 1120/73/2 1178/74/2
f 1178/74/2 1179/76/2 1119/75/2
f 1118/77/2 1119/75/2 1179/76/2
f 1117/78/2 1118/77/2 1179/76/2
f 1179/76/2 1180/79/2 1117/78/2
f 1116/80/2 1117/78/2 1180/79/2
f 1115/16/2 1116/80/2 1180/79/2
f 1181/15/2 1115/16/2 1180/79/2
f 1105/30/2 1186/28/2 1187/81/2
f 1104/82/2 1105/30/2 1187/81/2
f 1187/81/2 1188/83/2 1104/82/2
f 1103/84/2 1104/82/2 1188/83/2
f 1188/83/2 1189/42/2 1103/84/2
f 1189/42/2 1102/43/2 1103/84/2
f 1067/13/2 1080/11/2 1081/85/2
f 1066/86/2 1067/13/2 1081/85/2
f 1065/87/2 1066/86/2 1081/85/2
f 1081/85/2 1082/88/2 1065/87/2
f 1064/89/2 1065/87/2 1082/88/2
f 1082/88/2 1083/46/2 1064/89/2
f 1083/46/2 1063/47/2 1064/89/2
f 1167/90/2 1132/92/2 1133/91/2
f 1166/93/2 1167/90/2 1133/91/2
f 1133/91/2 1134/94/2 1166/93/2
f 1165/95/2 1166/93/2 1134/94/2
f 1088/96/2 1089/98/2 1057/97/2
f 1058/99/2 1088/96/2 1057/97/2
f 1140/100/2 1141/102/2 1139/101/2
f 1165/95/2 1134/94/2 1135/103/2
f 1164/104/2 1165/95/2 1135/103/2
f 1163/105/2 1164/104/2 1135/103/2
f 1162/106/2 1163/105/2 1135/103/2
f 1161/107/2 1162/106/2 1135/103/2
f 1135/103/2 1160/108/2 1161/107/2
f 1196/2/2 1098/110/2 1195/109/2
f 1091/111/2 1092/113/2 1053/112/2
f 1053/112/2 1054/114/2 1091/111/2
f 1054/114/2 1055/115/2 1091/111/2
f 1090/116/2 1091/111/2 1055/115/2
f 1055/115/2 1056/117/2 1090/116/2
f 1089/98/2 1090/116/2 1056/117/2
f 1057/97/2 1089/98/2 1056/117/2
f 1152/118/2 1038/120/2 1151/119/2
f 1038/120/2 1039/121/2 1151/119/2
f 1151/119/2 1039/121/2 1150/122/2
f 1149/123/2 1150/122/2 1039/121/2
f 1148/124/2 1149/123/2 1039/121/2
f 1039/121/2 1040/125/2 1148/124/2
f 1147/126/2 1148/124/2 1040/125/2
f 1040/125/2 1041/127/2 1147/126/2
f 1146/128/2 1147/126/2 1041/127/2
f 1037/129/2 1153/131/2 1154/130/2
f 1036/132/2 1037/129/2 1154/130/2
f 1154/130/2 1155/133/2 1036/132/2
f 1035/134/2 1036/132/2 1155/133/2
f 1034/135/2 1035/134/2 1155/133/2
f 1024/136/2 1159/137/2 1023/4/2
f 1025/138/2 1026/139/2 1159/137/2
f 1159/137/2 1024/136/2 1025/138/2
f 1158/140/2 1159/137/2 1029/141/2
f 1028/142/2 1029/141/2 1159/137/2
f 1027/143/2 1028/142/2 1159/137/2
f 1159/137/2 1026/139/2 1027/143/2
f 1034/135/2 1155/133/2 1156/144/2
f 1033/145/2 1034/135/2 1156/144/2
f 1156/144/2 1157/146/2 1033/145/2
f 1032/147/2 1033/145/2 1157/146/2
f 1031/148/2 1032/147/2 1157/146/2
f 1157/146/2 1158/140/2 1031/148/2
f 1030/149/2 1031/148/2 1158/140/2
f 1158/140/2 1029/141/2 1030/149/2
f 1153/131/2 1037/129/2 1152/118/2
f 1038/120/2 1152/118/2 1037/129/2
f 1146/128/2 1041/127/2 1145/150/2
f 1041/127/2 1042/151/2 1145/150/2
f 1144/152/2 1145/150/2 1042/151/2
f 1143/153/2 1144/152/2 1042/151/2
f 1142/154/2 1143/153/2 1042/151/2
f 1141/102/2 1142/154/2 1042/151/2
f 1139/101/2 1141/102/2 1042/151/2
f 1138/155/2 1139/101/2 1042/151/2
f 1137/156/2 1138/155/2 1042/151/2
f 1042/151/2 1043/157/2 1137/156/2
f 1136/158/2 1137/156/2 1043/157/2
f 1135/103/2 1136/158/2 1043/157/2
f 1043/157/2 1044/159/2 1135/103/2
f 1044/159/2 1045/160/2 1135/103/2
f 1160/108/2 1135/103/2 1045/160/2
f 1045/160/2 1046/161/2 1160/108/2
f 1046/161/2 1047/162/2 1160/108/2
f 1196/2/2 1160/108/2 1047/162/2
f 1047/162/2 1048/163/2 1196/2/2
f 1098/110/2 1196/2/2 1048/163/2
f 1097/164/2 1098/110/2 1048/163/2
f 1096/165/2 1097/164/2 1048/163/2
f 1048/163/2 1049/166/2 1096/165/2
f 1095/167/2 1096/165/2 1049/166/2
f 1049/166/2 1050/168/2 1095/167/2
f 1094/169/2 1095/167/2 1050/168/2
f 1050/168/2 1051/170/2 1094/169/2
f 1093/171/2 1094/169/2 1051/170/2
f 1051/170/2 1052/172/2 1093/171/2
f 1092/113/2 1093/171/2 1052/172/2
f 1053/112/2 1092/113/2 1052/172/2
f 1170/64/2 1130/63/2 1131/173/2
f 1169/174/2 1170/64/2 1131/173/2
f 1168/175/2 1169/174/2 1131/173/2
f 1131/173/2 1132/92/2 1168/175/2
f 1132/92/2 1167/90/2 1168/175/2
f 1099/66/2 1193/67/2 1194/176/2
f 1194/176/2 1195/109/2 1099/66/2
f 1195/109/2 1098/110/2 1099/66/2
f 1088/96/2 1058/99/2 1087/57/2
f 1059/59/2 1087/57/2 1058/99/2
f 1225/177/2 1226/179/2 1227/178/2
f 1222/180/2 1223/181/2 1225/177/2
f 1224/182/2 1225/177/2 1223/181/2
f 1221/183/2 1228/185/2 1229/184/2
f 1230/186/2 1220/187/2 1229/184/2
f 1221/183/2 1229/184/2 1220/187/2
f 1225/177/2 1227/178/2 1228/185/2
f 1222/180/2 1225/177/2 1228/185/2
f 1228/185/2 1221/183/2 1222/180/2
f 1236/188/2 1237/190/2 1235/189/2
f 1235/189/2 1237/190/2 1234/191/2
f 1231/3/2 1219/192/2 1230/186/2
f 1220/187/2 1230/186/2 1219/192/2
f 1210/193/2 1211/195/2 1213/194/2
f 1212/196/2 1213/194/2 1211/195/2
f 1245/197/2 1205/199/2 1244/198/2
f 1206/200/2 1244/198/2 1205/199/2
f 1248/2/2 1201/202/2 1247/201/2
f 1247/201/2 1201/202/2 1246/203/2
f 1204/204/2 1246/203/2 1201/202/2
f 1203/205/2 1204/204/2 1201/202/2
f 1201/202/2 1202/206/2 1203/205/2
f 1246/203/2 1204/204/2 1245/197/2
f 1205/199/2 1245/197/2 1204/204/2
f 1244/198/2 1206/200/2 1243/207/2
f 1207/208/2 1243/207/2 1206/200/2
f 1198/209/2 1199/211/2 1200/210/2
f 1200/210/2 1197/4/2 1198/209/2
f 1238/212/2 1239/213/2 1237/190/2
f 1239/213/2 1240/214/2 1237/190/2
f 1234/191/2 1237/190/2 1240/214/2
f 1233/215/2 1234/191/2 1240/214/2
f 1240/214/2 1241/216/2 1233/215/2
f 1232/217/2 1233/215/2 1241/216/2
f 1241/216/2 1242/218/2 1232/217/2
f 1231/3/2 1232/217/2 1242/218/2
f 1242/218/2 1243/207/2 1231/3/2
f 1243/207/2 1207/208/2 1231/3/2
f 1219/192/2 1231/3/2 1207/208/2
f 1218/219/2 1219/192/2 1207/208/2
f 1207/208/2 1208/220/2 1218/219/2
f 1217/221/2 1218/219/2 1208/220/2
f 1208/220/2 1209/222/2 1217/221/2
f 1216/223/2 1217/221/2 1209/222/2
f 1209/222/2 1210/193/2 1216/223/2
f 1210/193/2 1213/194/2 1216/223/2
f 1215/224/2 1216/223/2 1213/194/2
f 1214/1/2 1215/224/2 1213/194/2
f 1275/225/2 1276/227/2 1319/226/2
f 1319/226/2 1320/228/2 1275/225/2
f 1274/229/2 1275/225/2 1320/228/2
f 1320/228/2 1321/230/2 1274/229/2
f 1273/231/2 1274/229/2 1321/230/2
f 1321/230/2 1322/232/2 1273/231/2
f 1272/233/2 1273/231/2 1322/232/2
f 1322/232/2 1323/234/2 1272/233/2
f 1271/235/2 1272/233/2 1323/234/2
f 1323/234/2 1324/236/2 1271/235/2
f 1270/237/2 1271/235/2 1324/236/2
f 1324/236/2 1325/238/2 1270/237/2
f 1325/238/2 1326/239/2 1270/237/2
f 1269/240/2 1270/237/2 1326/239/2
f 1268/241/2 1269/240/2 1326/239/2
f 1285/242/2 1311/244/2 1284/243/2
f 1312/245/2 1284/243/2 1311/244/2
f 1334/246/2 1261/248/2 1333/247/2
f 1284/243/2 1312/245/2 1283/249/2
f 1313/250/2 1283/249/2 1312/245/2
f 1262/251/2 1332/252/2 1333/247/2
f 1333/247/2 1261/248/2 1262/251/2
f 1283/249/2 1313/250/2 1282/253/2
f 1313/250/2 1314/254/2 1282/253/2
f 1281/255/2 1282/253/2 1314/254/2
f 1315/256/2 1281/255/2 1314/254/2
f 1264/257/2 1330/259/2 1331/258/2
f 1263/260/2 1264/257/2 1331/258/2
f 1331/258/2 1332/252/2 1263/260/2
f 1332/252/2 1262/251/2 1263/260/2
f 1281/255/2 1315/256/2 1280/261/2
f 1315/256/2 1316/262/2 1280/261/2
f 1279/263/2 1280/261/2 1316/262/2
f 1316/262/2 1317/264/2 1279/263/2
f 1278/265/2 1279/263/2 1317/264/2
f 1317/264/2 1318/266/2 1278/265/2
f 1277/267/2 1278/265/2 1318/266/2
f 1276/227/2 1277/267/2 1318/266/2
f 1319/226/2 1276/227/2 1318/266/2
f 1268/241/2 1326/239/2 1327/268/2
f 1267/269/2 1268/241/2 1327/268/2
f 1327/268/2 1328/270/2 1267/269/2
f 1266/271/2 1267/269/2 1328/270/2
f 1328/270/2 1329/272/2 1266/271/2
f 1265/273/2 1266/271/2 1329/272/2
f 1329/272/2 1330/259/2 1265/273/2
f 1330/259/2 1264/257/2 1265/273/2
f 1336/274/2 1259/276/2 1335/275/2
f 1260/277/2 1335/275/2 1259/276/2
f 1309/278/2 1287/280/2 1288/279/2
f 1288/279/2 1308/281/2 1309/278/2
f 1310/282/2 1286/283/2 1287/280/2
f 1287/280/2 1309/278/2 1310/282/2
f 1337/284/2 1258/285/2 1336/274/2
f 1259/276/2 1336/274/2 1258/285/2
f 1307/286/2 1289/288/2 1290/287/2
f 1290/287/2 1306/289/2 1307/286/2
f 1338/290/2 1339/292/2 1255/291/2
f 1256/293/2 1338/290/2 1255/291/2
f 1308/281/2 1288/279/2 1289/288/2
f 1289/288/2 1307/286/2 1308/281/2
f 1338/290/2 1256/293/2 1337/284/2
f 1256/293/2 1257/294/2 1337/284/2
f 1258/285/2 1337/284/2 1257/294/2
f 1292/295/2 1293/297/2 1304/296/2
f 1303/298/2 1304/296/2 1293/297/2
f 1297/299/2 1298/301/2 1299/300/2
f 1296/302/2 1297/299/2 1301/303/2
f 1300/304/2 1301/303/2 1297/299/2
f 1297/299/2 1299/300/2 1300/304/2
f 1346/2/2 1249/4/2 1345/305/2
f 1303/298/2 1293/297/2 1294/306/2
f 1302/307/2 1303/298/2 1294/306/2
f 1294/306/2 1295/308/2 1302/307/2
f 1295/308/2 1296/302/2 1302/307/2
f 1296/302/2 1301/303/2 1302/307/2
f 1345/305/2 1249/4/2 1344/309/2
f 1343/310/2 1344/309/2 1249/4/2
f 1249/4/2 1250/311/2 1343/310/2
f 1342/312/2 1343/310/2 1250/311/2
f 1250/311/2 1251/313/2 1342/312/2
f 1306/289/2 1290/287/2 1291/314/2
f 1305/315/2 1306/289/2 1291/314/2
f 1291/314/2 1292/295/2 1305/315/2
f 1292/295/2 1304/296/2 1305/315/2
f 1342/312/2 1251/313/2 1341/316/2
f 1251/313/2 1252/317/2 1341/316/2
f 1340/318/2 1341/316/2 1252/317/2
f 1252/317/2 1253/319/2 1340/318/2
f 1253/319/2 1254/320/2 1340/318/2
f 1339/292/2 1340/318/2 1254/320/2
f 1255/291/2 1339/292/2 1254/320/2
f 1286/283/2 1310/282/2 1285/242/2
f 1311/244/2 1285/242/2 1310/282/2
f 1335/275/2 1260/277/2 1334/246/2
f 1261/248/2 1334/246/2 1260/277/2
f 1375/177/2 1376/179/2 1377/178/2
f 1372/180/2 1373/181/2 1375/177/2
f 1374/182/2 1375/177/2 1373/181/2
f 1371/183/2 1378/185/2 1379/184/2
f 1380/186/2 1370/187/2 1379/184/2
f 1371/183/2 1379/184/2 1370/187/2
f 1375/177/2 1377/178/2 1378/185/2
f 1372/180/2 1375/177/2 1378/185/2
f 1378/185/2 1371/183/2 1372/180/2
f 1386/188/2 1387/190/2 1385/189/2
f 1385/189/2 1387/190/2 1384/191/2
f 1381/3/2 1369/192/2 1380/186/2
f 1370/187/2 1380/186/2 1369/192/2
f 1360/193/2 1361/195/2 1363/194/2
f 1362/196/2 1363/194/2 1361/195/2
f 1395/197/2 1355/199/2 1394/198/2
f 1356/200/2 1394/198/2 1355/199/2
f 1398/2/2 1351/202/2 1397/201/2
f 1397/201/2 1351/202/2 1396/203/2
f 1354/204/2 1396/203/2 1351/202/2
f 1353/205/2 1354/204/2 1351/202/2
f 1351/202/2 1352/206/2 1353/205/2
f 1396/203/2 1354/204/2 1395/197/2
f 1355/199/2 1395/197/2 1354/204/2
f 1394/198/2 1356/200/2 1393/207/2
f 1357/208/2 1393/207/2 1356/200/2
f 1348/209/2 1349/211/2 1350/210/2
f 1350/210/2 1347/4/2 1348/209/2
f 1388/212/2 1389/213/2 1387/190/2
f 1389/213/2 1390/214/2 1387/190/2
f 1384/191/2 1387/190/2 1390/214/2
f 1383/215/2 1384/191/2 1390/214/2
f 1390/214/2 1391/216/2 1383/215/2
f 1382/217/2 1383/215/2 1391/216/2
f 1391/216/2 1392/218/2 1382/217/2
f 1381/3/2 1382/217/2 1392/218/2
f 1392/218/2 1393/207/2 1381/3/2
f 1393/207/2 1357/208/2 1381/3/2
f 1369/192/2 1381/3/2 1357/208/2
f 1368/219/2 1369/192/2 1357/208/2
f 1357/208/2 1358/220/2 1368/219/2
f 1367/221/2 1368/219/2 1358/220/2
f 1358/220/2 1359/222/2 1367/221/2
f 1366/223/2 1367/221/2 1359/222/2
f 1359/222/2 1360/193/2 1366/223/2
f 1360/193/2 1363/194/2 1366/223/2
f 1365/224/2 1366/223/2 1363/194/2
f 1364/1/2 1365/224/2 1363/194/2
f 1425/321/2 1426/323/2 1427/322/2
f 1427/322/2 1424/324/2 1425/321/2
f 1427/322/2 1428/326/2 1429/325/2
f 1429/325/2 1430/327/2 1427/322/2
f 1424/324/2 1427/322/2 1430/327/2
f 1430/327/2 1433/328/2 1424/324/2
f 1423/329/2 1424/324/2 1433/328/2
f 1433/328/2 1434/330/2 1423/329/2
f 1422/331/2 1423/329/2 1434/330/2
f 1434/330/2 1435/332/2 1422/331/2
f 1421/333/2 1422/331/2 1435/332/2
f 1435/332/2 1436/334/2 1421/333/2
f 1420/335/2 1421/333/2 1436/334/2
f 1436/334/2 1437/336/2 1420/335/2
f 1419/337/2 1420/335/2 1437/336/2
f 1418/338/2 1419/337/2 1437/336/2
f 1437/336/2 1438/339/2 1418/338/2
f 1417/340/2 1418/338/2 1438/339/2
f 1416/341/2 1417/340/2 1438/339/2
f 1445/342/2 1403/344/2 1444/343/2
f 1404/345/2 1444/343/2 1403/344/2
f 1446/346/2 1402/347/2 1445/342/2
f 1403/344/2 1445/342/2 1402/347/2
f 1406/348/2 1443/349/2 1444/343/2
f 1405/350/2 1406/348/2 1444/343/2
f 1444/343/2 1404/345/2 1405/350/2
f 1458/2/2 1399/4/2 1457/351/2
f 1456/352/2 1457/351/2 1399/4/2
f 1456/352/2 1399/4/2 1455/353/2
f 1454/354/2 1455/353/2 1399/4/2
f 1453/355/2 1454/354/2 1399/4/2
f 1453/355/2 1399/4/2 1452/356/2
f 1451/357/2 1452/356/2 1399/4/2
f 1450/358/2 1451/357/2 1399/4/2
f 1399/4/2 1400/359/2 1450/358/2
f 1449/360/2 1450/358/2 1400/359/2
f 1448/361/2 1449/360/2 1400/359/2
f 1447/362/2 1448/361/2 1400/359/2
f 1401/363/2 1447/362/2 1400/359/2
f 1447/362/2 1401/363/2 1446/346/2
f 1402/347/2 1446/346/2 1401/363/2
f 1433/328/2 1430/327/2 1431/364/2
f 1431/364/2 1432/365/2 1433/328/2
f 1416/341/2 1438/339/2 1439/366/2
f 1415/367/2 1416/341/2 1439/366/2
f 1414/368/2 1415/367/2 1439/366/2
f 1439/366/2 1440/369/2 1414/368/2
f 1413/370/2 1414/368/2 1440/369/2
f 1412/371/2 1413/370/2 1440/369/2
f 1440/369/2 1441/372/2 1412/371/2
f 1411/373/2 1412/371/2 1441/372/2
f 1410/374/2 1411/373/2 1441/372/2
f 1441/372/2 1442/375/2 1410/374/2
f 1409/376/2 1410/374/2 1442/375/2
f 1408/377/2 1409/376/2 1442/375/2
f 1442/375/2 1443/349/2 1408/377/2
f 1407/378/2 1408/377/2 1443/349/2
f 1443/349/2 1406/348/2 1407/378/2
f 1487/177/2 1488/179/2 1489/178/2
f 1484/180/2 1485/181/2 1487/177/2
f 1486/182/2 1487/177/2 1485/181/2
f 1483/183/2 1490/185/2 1491/184/2
f 1492/186/2 1482/187/2 1491/184/2
f 1483/183/2 1491/184/2 1482/187/2
f 1487/177/2 1489/178/2 1490/185/2
f 1484/180/2 1487/177/2 1490/185/2
f 1490/185/2 1483/183/2 1484/180/2
f 1498/188/2 1499/190/2 1497/189/2
f 1497/189/2 1499/190/2 1496/191/2
f 1493/3/2 1481/192/2 1492/186/2
f 1482/187/2 1492/186/2 1481/192/2
f 1472/193/2 1473/195/2 1475/194/2
f 1474/196/2 1475/194/2 1473/195/2
f 1507/197/2 1467/199/2 1506/198/2
f 1468/200/2 1506/198/2 1467/199/2
f 1510/2/2 1463/202/2 1509/201/2
f 1509/201/2 1463/202/2 1508/203/2
f 1466/204/2 1508/203/2 1463/202/2
f 1465/205/2 1466/204/2 1463/202/2
f 1463/202/2 1464/206/2 1465/205/2
f 1508/203/2 1466/204/2 1507/197/2
f 1467/199/2 1507/197/2 1466/204/2
f 1506/198/2 1468/200/2 1505/207/2
f 1469/208/2 1505/207/2 1468/200/2
f 1460/209/2 1461/211/2 1462/210/2
f 1462/210/2 1459/4/2 1460/209/2
f 1500/212/2 1501/213/2 1499/190/2
f 1501/213/2 1502/214/2 1499/190/2
f 1496/191/2 1499/190/2 1502/214/2
f 1495/215/2 1496/191/2 1502/214/2
f 1502/214/2 1503/216/2 1495/215/2
f 1494/217/2 1495/215/2 1503/216/2
f 1503/216/2 1504/218/2 1494/217/2
f 1493/3/2 1494/217/2 1504/218/2
f 1504/218/2 1505/207/2 1493/3/2
f 1505/207/2 1469/208/2 1493/3/2
f 1481/192/2 1493/3/2 1469/208/2
f 1480/219/2 1481/192/2 1469/208/2
f 1469/208/2 1470/220/2 1480/219/2
f 1479/221/2 1480/219/2 1470/220/2
f 1470/220/2 1471/222/2 1479/221/2
f 1478/223/2 1479/221/2 1471/222/2
f 1471/222/2 1472/193/2 1478/223/2
f 1472/193/2 1475/194/2 1478/223/2
f 1477/224/2 1478/223/2 1475/194/2
f 1476/1/2 1477/224/2 1475/194/2
f 1512/379/2 1513/381/2 1514/380/2
f 1514/380/2 1515/383/2 1564/382/2
f 1554/384/2 1555/386/2 1526/385/2
f 1526/385/2 1555/386/2 1525/387/2
f 1555/386/2 1556/388/2 1525/387/2
f 1525/387/2 1556/388/2 1524/389/2
f 1556/388/2 1557/390/2 1524/389/2
f 1523/391/2 1524/389/2 1557/390/2
f 1557/390/2 1558/392/2 1523/391/2
f 1522/393/2 1523/391/2 1558/392/2
f 1558/392/2 1559/394/2 1522/393/2
f 1521/395/2 1522/393/2 1559/394/2
f 1559/394/2 1560/396/2 1521/395/2
f 1520/397/2 1521/395/2 1560/396/2
f 1519/398/2 1520/397/2 1560/396/2
f 1560/396/2 1561/399/2 1519/398/2
f 1518/400/2 1519/398/2 1561/399/2
f 1561/399/2 1562/401/2 1518/400/2
f 1517/402/2 1518/400/2 1562/401/2
f 1516/403/2 1517/402/2 1562/401/2
f 1562/401/2 1563/404/2 1516/403/2
f 1515/383/2 1516/403/2 1563/404/2
f 1564/382/2 1515/383/2 1563/404/2
f 1514/380/2 1564/382/2 1565/405/2
f 1565/405/2 1568/2/2 1514/380/2
f 1512/379/2 1514/380/2 1568/2/2
f 1568/2/2 1511/4/2 1512/379/2
f 1553/406/2 1527/408/2 1552/407/2
f 1552/407/2 1527/408/2 1528/409/2
f 1528/409/2 1529/410/2 1552/407/2
f 1529/410/2 1551/411/2 1552/407/2
f 1532/412/2 1533/413/2 1549/3/2
f 1533/413/2 1548/414/2 1549/3/2
f 1551/411/2 1529/410/2 1530/1/2
f 1530/1/2 1531/415/2 1551/411/2
f 1550/416/2 1551/411/2 1531/415/2
f 1531/415/2 1532/412/2 1550/416/2
f 1532/412/2 1549/3/2 1550/416/2
f 1535/417/2 1536/419/2 1546/418/2
f 1539/420/2 1540/422/2 1541/421/2
f 1539/420/2 1541/421/2 1542/423/2
f 1546/418/2 1536/419/2 1537/424/2
f 1545/425/2 1546/418/2 1537/424/2
f 1537/424/2 1538/426/2 1545/425/2
f 1544/427/2 1545/425/2 1538/426/2
f 1538/426/2 1539/420/2 1544/427/2
f 1543/428/2 1544/427/2 1539/420/2
f 1539/420/2 1542/423/2 1543/428/2
f 1548/414/2 1533/413/2 1534/429/2
f 1547/430/2 1548/414/2 1534/429/2
f 1534/429/2 1535/417/2 1547/430/2
f 1535/417/2 1546/418/2 1547/430/2
f 1554/384/2 1526/385/2 1527/408/2
f 1527/408/2 1553/406/2 1554/384/2
f 1568/2/2 1565/405/2 1566/431/2
f 1566/431/2 1567/432/2 1568/2/2
f 1570/433/2 1571/435/2 1572/434/2
f 1569/4/2 1570/433/2 1572/434/2
f 1569/4/2 1572/434/2 1573/436/2
f 1573/436/2 1574/437/2 1569/4/2
f 1622/438/2 1569/4/2 1574/437/2
f 1574/437/2 1575/439/2 1622/438/2
f 1575/439/2 1576/440/2 1622/438/2
f 1576/440/2 1577/441/2 1622/438/2
f 1577/441/2 1621/442/2 1622/438/2
f 1579/443/2 1580/445/2 1619/444/2
f 1618/446/2 1619/444/2 1580/445/2
f 1614/447/2 1615/449/2 1583/448/2
f 1618/446/2 1580/445/2 1581/450/2
f 1617/451/2 1618/446/2 1581/450/2
f 1581/450/2 1582/452/2 1617/451/2
f 1616/453/2 1617/451/2 1582/452/2
f 1582/452/2 1583/448/2 1616/453/2
f 1583/448/2 1615/449/2 1616/453/2
f 1621/442/2 1577/441/2 1578/454/2
f 1620/455/2 1621/442/2 1578/454/2
f 1578/454/2 1579/443/2 1620/455/2
f 1579/443/2 1619/444/2 1620/455/2
f 1610/456/2 1586/458/2 1609/457/2
f 1586/458/2 1610/456/2 1585/459/2
f 1611/460/2 1585/459/2 1610/456/2
f 1588/461/2 1606/462/2 1587/1/2
f 1606/462/2 1607/463/2 1587/1/2
f 1607/463/2 1608/464/2 1587/1/2
f 1586/458/2 1587/1/2 1608/464/2
f 1609/457/2 1586/458/2 1608/464/2
f 1596/465/2 1597/467/2 1595/466/2
f 1594/468/2 1595/466/2 1597/467/2
f 1597/467/2 1598/469/2 1594/468/2
f 1593/470/2 1594/468/2 1598/469/2
f 1598/469/2 1599/471/2 1593/470/2
f 1592/472/2 1593/470/2 1599/471/2
f 1599/471/2 1600/473/2 1592/472/2
f 1592/472/2 1600/473/2 1591/474/2
f 1600/473/2 1601/475/2 1591/474/2
f 1601/475/2 1602/476/2 1591/474/2
f 1590/477/2 1591/474/2 1602/476/2
f 1602/476/2 1603/478/2 1590/477/2
f 1589/479/2 1590/477/2 1603/478/2
f 1603/478/2 1604/480/2 1589/479/2
f 1604/480/2 1605/3/2 1589/479/2
f 1588/461/2 1589/479/2 1605/3/2
f 1606/462/2 1588/461/2 1605/3/2
f 1614/447/2 1583/448/2 1584/481/2
f 1613/482/2 1614/447/2 1584/481/2
f 1612/483/2 1613/482/2 1584/481/2
f 1584/481/2 1585/459/2 1612/483/2
f 1585/459/2 1611/460/2 1612/483/2
f 1569/4/2 1622/438/2 1623/2/2
f 1626/484/2 1627/486/2 1628/485/2
f 1628/485/2 1634/2/2 1626/484/2
f 1634/2/2 1625/487/2 1626/484/2
f 1624/4/2 1632/489/2 1633/488/2
f 1629/465/2 1630/491/2 1631/490/2
f 1629/465/2 1631/490/2 1633/488/2
f 1624/4/2 1633/488/2 1631/490/2
f 1629/465/2 1633/488/2 1628/485/2
f 1634/2/2 1628/485/2 1633/488/2
f 1625/487/2 1634/2/2 1632/489/2
f 1632/489/2 1624/4/2 1625/487/2
f 1637/492/2 1638/494/2 1639/493/2
f 1636/495/2 1637/492/2 1639/493/2
f 1639/493/2 1691/2/2 1636/495/2
f 1691/2/2 1635/4/2 1636/495/2
f 1691/2/2 1639/493/2 1640/496/2
f 1640/496/2 1641/497/2 1691/2/2
f 1690/498/2 1691/2/2 1641/497/2
f 1641/497/2 1642/499/2 1690/498/2
f 1642/499/2 1643/500/2 1690/498/2
f 1643/500/2 1689/501/2 1690/498/2
f 1649/502/2 1650/504/2 1682/503/2
f 1650/504/2 1681/505/2 1682/503/2
f 1686/506/2 1646/508/2 1647/507/2
f 1685/509/2 1686/506/2 1647/507/2
f 1647/507/2 1648/510/2 1685/509/2
f 1684/511/2 1685/509/2 1648/510/2
f 1683/512/2 1684/511/2 1648/510/2
f 1648/510/2 1649/502/2 1683/512/2
f 1649/502/2 1682/503/2 1683/512/2
f 1689/501/2 1643/500/2 1644/513/2
f 1688/514/2 1689/501/2 1644/513/2
f 1644/513/2 1645/515/2 1688/514/2
f 1687/516/2 1688/514/2 1645/515/2
f 1645/515/2 1646/508/2 1687/516/2
f 1646/508/2 1686/506/2 1687/516/2
f 1654/517/2 1677/519/2 1653/518/2
f 1678/520/2 1653/518/2 1677/519/2
f 1653/518/2 1678/520/2 1652/521/2
f 1679/522/2 1652/521/2 1678/520/2
f 1655/523/2 1676/524/2 1654/517/2
f 1677/519/2 1654/517/2 1676/524/2
f 1665/525/2 1666/527/2 1664/526/2
f 1663/465/2 1664/526/2 1666/527/2
f 1662/528/2 1663/465/2 1666/527/2
f 1666/527/2 1667/529/2 1662/528/2
f 1661/530/2 1662/528/2 1667/529/2
f 1667/529/2 1668/531/2 1661/530/2
f 1661/530/2 1668/531/2 1660/532/2
f 1668/531/2 1669/533/2 1660/532/2
f 1659/534/2 1660/532/2 1669/533/2
f 1669/533/2 1670/535/2 1659/534/2
f 1658/536/2 1659/534/2 1670/535/2
f 1670/535/2 1671/537/2 1658/536/2
f 1657/538/2 1658/536/2 1671/537/2
f 1671/537/2 1672/539/2 1657/538/2
f 1672/539/2 1673/540/2 1657/538/2
f 1656/541/2 1657/538/2 1673/540/2
f 1673/540/2 1674/542/2 1656/541/2
f 1655/523/2 1656/541/2 1674/542/2
f 1674/542/2 1675/543/2 1655/523/2
f 1676/524/2 1655/523/2 1675/543/2
f 1681/505/2 1650/504/2 1651/544/2
f 1680/545/2 1681/505/2 1651/544/2
f 1651/544/2 1652/521/2 1680/545/2
f 1652/521/2 1679/522/2 1680/545/2
f 1708/546/2 1709/548/2 1772/547/2
f 1772/547/2 1773/549/2 1708/546/2
f 1707/550/2 1708/546/2 1773/549/2
f 1773/549/2 1774/551/2 1707/550/2
f 1706/552/2 1707/550/2 1774/551/2
f 1705/553/2 1706/552/2 1774/551/2
f 1774/551/2 1775/554/2 1705/553/2
f 1704/555/2 1705/553/2 1775/554/2
f 1775/554/2 1776/556/2 1704/555/2
f 1703/439/2 1704/555/2 1776/556/2
f 1776/556/2 1777/557/2 1703/439/2
f 1702/558/2 1703/439/2 1777/557/2
f 1777/557/2 1778/559/2 1702/558/2
f 1701/560/2 1702/558/2 1778/559/2
f 1778/559/2 1779/561/2 1701/560/2
f 1700/562/2 1701/560/2 1779/561/2
f 1779/561/2 1780/451/2 1700/562/2
f 1699/563/2 1700/562/2 1780/451/2
f 1783/564/2 1784/566/2 1696/565/2
f 1784/566/2 1695/567/2 1696/565/2
f 1694/568/2 1785/570/2 1786/569/2
f 1765/571/2 1715/573/2 1716/572/2
f 1716/572/2 1764/574/2 1765/571/2
f 1715/573/2 1765/571/2 1766/575/2
f 1787/576/2 1693/577/2 1786/569/2
f 1694/568/2 1786/569/2 1693/577/2
f 1715/573/2 1766/575/2 1714/450/2
f 1766/575/2 1767/578/2 1714/450/2
f 1713/579/2 1714/450/2 1767/578/2
f 1768/580/2 1713/579/2 1767/578/2
f 1695/567/2 1784/566/2 1785/570/2
f 1785/570/2 1694/568/2 1695/567/2
f 1713/579/2 1768/580/2 1712/581/2
f 1768/580/2 1769/460/2 1712/581/2
f 1711/582/2 1712/581/2 1769/460/2
f 1769/460/2 1770/583/2 1711/582/2
f 1710/584/2 1711/582/2 1770/583/2
f 1770/583/2 1771/585/2 1710/584/2
f 1709/548/2 1710/584/2 1771/585/2
f 1772/547/2 1709/548/2 1771/585/2
f 1699/563/2 1780/451/2 1781/586/2
f 1698/587/2 1699/563/2 1781/586/2
f 1781/586/2 1782/588/2 1698/587/2
f 1697/589/2 1698/587/2 1782/588/2
f 1782/588/2 1783/564/2 1697/589/2
f 1783/564/2 1696/565/2 1697/589/2
f 1741/590/2 1739/591/2 1692/4/2
f 1743/592/2 1738/594/2 1742/593/2
f 1717/595/2 1762/597/2 1763/596/2
f 1739/591/2 1741/590/2 1742/593/2
f 1742/593/2 1738/594/2 1739/591/2
f 1744/598/2 1745/599/2 1736/470/2
f 1737/600/2 1744/598/2 1736/470/2
f 1762/597/2 1717/595/2 1718/601/2
f 1761/602/2 1762/597/2 1718/601/2
f 1718/601/2 1719/603/2 1761/602/2
f 1719/603/2 1760/604/2 1761/602/2
f 1744/598/2 1737/600/2 1743/592/2
f 1738/594/2 1743/592/2 1737/600/2
f 1788/605/2 1790/606/2 1791/2/2
f 1723/607/2 1724/609/2 1756/608/2
f 1755/610/2 1756/608/2 1724/609/2
f 1724/609/2 1725/1/2 1755/610/2
f 1754/611/2 1755/610/2 1725/1/2
f 1725/1/2 1726/612/2 1754/611/2
f 1753/613/2 1754/611/2 1726/612/2
f 1726/612/2 1727/614/2 1753/613/2
f 1752/615/2 1753/613/2 1727/614/2
f 1727/614/2 1728/616/2 1752/615/2
f 1751/617/2 1752/615/2 1728/616/2
f 1728/616/2 1729/618/2 1751/617/2
f 1750/619/2 1751/617/2 1729/618/2
f 1729/618/2 1730/620/2 1750/619/2
f 1730/620/2 1731/621/2 1750/619/2
f 1749/622/2 1750/619/2 1731/621/2
f 1731/621/2 1732/623/2 1749/622/2
f 1748/624/2 1749/622/2 1732/623/2
f 1732/623/2 1733/625/2 1748/624/2
f 1760/604/2 1719/603/2 1720/626/2
f 1759/627/2 1760/604/2 1720/626/2
f 1720/626/2 1721/628/2 1759/627/2
f 1758/3/2 1759/627/2 1721/628/2
f 1721/628/2 1722/629/2 1758/3/2
f 1757/630/2 1758/3/2 1722/629/2
f 1722/629/2 1723/607/2 1757/630/2
f 1723/607/2 1756/608/2 1757/630/2
f 1748/624/2 1733/625/2 1747/471/2
f 1733/625/2 1734/631/2 1747/471/2
f 1746/632/2 1747/471/2 1734/631/2
f 1734/631/2 1735/633/2 1746/632/2
f 1745/599/2 1746/632/2 1735/633/2
f 1736/470/2 1745/599/2 1735/633/2
f 1717/595/2 1763/596/2 1716/572/2
f 1764/574/2 1716/572/2 1763/596/2
f 1741/590/2 1692/4/2 1740/634/2
f 1787/576/2 1740/634/2 1692/4/2
f 1693/577/2 1787/576/2 1692/4/2
f 1790/606/2 1788/605/2 1789/635/2
f 1820/177/2 1821/179/2 1822/178/2
f 1822/178/2 1823/185/2 1820/177/2
f 1819/182/2 1820/177/2 1818/181/2
f 1817/180/2 1824/184/2 1816/183/2
f 1816/183/2 1824/184/2 1825/186/2
f 1825/186/2 1815/187/2 1816/183/2
f 1824/184/2 1817/180/2 1823/185/2
f 1820/177/2 1823/185/2 1817/180/2
f 1818/181/2 1820/177/2 1817/180/2
f 1831/188/2 1832/190/2 1830/189/2
f 1829/191/2 1830/189/2 1832/190/2
f 1815/187/2 1825/186/2 1826/3/2
f 1826/3/2 1814/192/2 1815/187/2
f 1807/196/2 1808/194/2 1806/195/2
f 1806/195/2 1808/194/2 1805/193/2
f 1801/200/2 1839/198/2 1840/197/2
f 1840/197/2 1800/199/2 1801/200/2
f 1796/202/2 1797/206/2 1798/205/2
f 1843/2/2 1796/202/2 1842/201/2
f 1841/203/2 1842/201/2 1796/202/2
f 1799/204/2 1841/203/2 1796/202/2
f 1796/202/2 1798/205/2 1799/204/2
f 1800/199/2 1840/197/2 1841/203/2
f 1841/203/2 1799/204/2 1800/199/2
f 1802/208/2 1838/207/2 1839/198/2
f 1839/198/2 1801/200/2 1802/208/2
f 1793/209/2 1794/211/2 1795/210/2
f 1795/210/2 1792/4/2 1793/209/2
f 1833/212/2 1834/213/2 1832/190/2
f 1834/213/2 1835/214/2 1832/190/2
f 1829/191/2 1832/190/2 1835/214/2
f 1828/215/2 1829/191/2 1835/214/2
f 1835/214/2 1836/216/2 1828/215/2
f 1827/217/2 1828/215/2 1836/216/2
f 1836/216/2 1837/218/2 1827/217/2
f 1826/3/2 1827/217/2 1837/218/2
f 1837/218/2 1838/207/2 1826/3/2
f 1814/192/2 1826/3/2 1838/207/2
f 1838/207/2 1802/208/2 1814/192/2
f 1813/219/2 1814/192/2 1802/208/2
f 1802/208/2 1803/220/2 1813/219/2
f 1812/221/2 1813/219/2 1803/220/2
f 1803/220/2 1804/222/2 1812/221/2
f 1811/223/2 1812/221/2 1804/222/2
f 1804/222/2 1805/193/2 1811/223/2
f 1805/193/2 1808/194/2 1811/223/2
f 1810/224/2 1811/223/2 1808/194/2
f 1809/1/2 1810/224/2 1808/194/2
f 1902/636/2 1903/638/2 1905/637/2
f 1904/639/2 1905/637/2 1903/638/2
f 1911/640/2 1897/642/2 1910/641/2
f 1897/642/2 1898/643/2 1910/641/2
f 1909/644/2 1910/641/2 1898/643/2
f 1909/644/2 1898/643/2 1908/645/2
f 1898/643/2 1899/646/2 1908/645/2
f 1907/426/2 1908/645/2 1899/646/2
f 1899/646/2 1900/417/2 1907/426/2
f 1906/647/2 1907/426/2 1900/417/2
f 1900/417/2 1901/534/2 1906/647/2
f 1905/637/2 1906/647/2 1901/534/2
f 1902/636/2 1905/637/2 1901/534/2
f 1867/648/2 1868/650/2 1953/649/2
f 1953/649/2 1954/651/2 1867/648/2
f 1866/652/2 1867/648/2 1954/651/2
f 1965/653/2 1856/655/2 1964/654/2
f 1893/412/2 1916/657/2 1892/656/2
f 1916/657/2 1893/412/2 1915/658/2
f 1894/659/2 1915/658/2 1893/412/2
f 1963/401/2 1964/654/2 1857/660/2
f 1964/654/2 1856/655/2 1857/660/2
f 1915/658/2 1894/659/2 1914/421/2
f 1913/661/2 1914/421/2 1894/659/2
f 1895/662/2 1913/661/2 1894/659/2
f 1944/663/2 1945/665/2 1874/664/2
f 1961/666/2 1962/667/2 1858/402/2
f 1962/667/2 1963/401/2 1858/402/2
f 1963/401/2 1857/660/2 1858/402/2
f 1913/661/2 1895/662/2 1912/668/2
f 1895/662/2 1896/669/2 1912/668/2
f 1911/640/2 1912/668/2 1896/669/2
f 1897/642/2 1911/640/2 1896/669/2
f 1874/664/2 1945/665/2 1873/670/2
f 1945/665/2 1946/671/2 1873/670/2
f 1946/671/2 1947/672/2 1873/670/2
f 1872/391/2 1873/670/2 1947/672/2
f 1947/672/2 1948/673/2 1872/391/2
f 1871/674/2 1872/391/2 1948/673/2
f 1948/673/2 1949/388/2 1871/674/2
f 1949/388/2 1950/675/2 1871/674/2
f 1870/676/2 1871/674/2 1950/675/2
f 1950/675/2 1951/677/2 1870/676/2
f 1869/678/2 1870/676/2 1951/677/2
f 1951/677/2 1952/679/2 1869/678/2
f 1868/650/2 1869/678/2 1952/679/2
f 1953/649/2 1868/650/2 1952/679/2
f 1866/652/2 1954/651/2 1955/680/2
f 1865/397/2 1866/652/2 1955/680/2
f 1955/680/2 1956/394/2 1865/397/2
f 1864/681/2 1865/397/2 1956/394/2
f 1863/500/2 1864/681/2 1956/394/2
f 1956/394/2 1957/682/2 1863/500/2
f 1862/683/2 1863/500/2 1957/682/2
f 1957/682/2 1958/512/2 1862/683/2
f 1861/684/2 1862/683/2 1958/512/2
f 1958/512/2 1959/685/2 1861/684/2
f 1860/686/2 1861/684/2 1959/685/2
f 1959/685/2 1960/687/2 1860/686/2
f 1859/688/2 1860/686/2 1960/687/2
f 1960/687/2 1961/666/2 1859/688/2
f 1961/666/2 1858/402/2 1859/688/2
f 1891/689/2 1917/691/2 1918/690/2
f 1890/692/2 1891/689/2 1918/690/2
f 1918/690/2 1889/693/2 1890/692/2
f 1968/694/2 1853/696/2 1967/695/2
f 1853/696/2 1854/697/2 1967/695/2
f 1966/698/2 1967/695/2 1854/697/2
f 1855/699/2 1966/698/2 1854/697/2
f 1889/693/2 1918/690/2 1919/700/2
f 1888/701/2 1889/693/2 1919/700/2
f 1942/406/2 1876/703/2 1941/702/2
f 1969/704/2 1851/380/2 1968/694/2
f 1851/380/2 1852/705/2 1968/694/2
f 1853/696/2 1968/694/2 1852/705/2
f 1972/706/2 1973/708/2 1846/707/2
f 1846/707/2 1847/709/2 1972/706/2
f 1977/2/2 1844/4/2 1976/710/2
f 1976/710/2 1844/4/2 1975/711/2
f 1974/712/2 1975/711/2 1844/4/2
f 1844/4/2 1845/713/2 1974/712/2
f 1973/708/2 1974/712/2 1845/713/2
f 1846/707/2 1973/708/2 1845/713/2
f 1888/701/2 1919/700/2 1920/529/2
f 1887/714/2 1888/701/2 1920/529/2
f 1920/529/2 1921/427/2 1887/714/2
f 1886/410/2 1887/714/2 1921/427/2
f 1921/427/2 1922/715/2 1886/410/2
f 1885/716/2 1886/410/2 1922/715/2
f 1922/715/2 1923/717/2 1885/716/2
f 1884/718/2 1885/716/2 1923/717/2
f 1923/717/2 1924/719/2 1884/718/2
f 1883/720/2 1884/718/2 1924/719/2
f 1924/719/2 1925/721/2 1883/720/2
f 1925/721/2 1926/722/2 1883/720/2
f 1882/544/2 1883/720/2 1926/722/2
f 1926/722/2 1927/723/2 1882/544/2
f 1881/724/2 1882/544/2 1927/723/2
f 1927/723/2 1928/430/2 1881/724/2
f 1880/725/2 1881/724/2 1928/430/2
f 1928/430/2 1929/726/2 1880/725/2
f 1929/726/2 1930/727/2 1880/725/2
f 1930/727/2 1931/728/2 1880/725/2
f 1931/728/2 1932/729/2 1880/725/2
f 1879/385/2 1880/725/2 1932/729/2
f 1932/729/2 1933/730/2 1879/385/2
f 1933/730/2 1934/731/2 1879/385/2
f 1934/731/2 1935/416/2 1879/385/2
f 1935/416/2 1936/732/2 1879/385/2
f 1936/732/2 1937/733/2 1879/385/2
f 1878/734/2 1879/385/2 1937/733/2
f 1937/733/2 1938/735/2 1878/734/2
f 1938/735/2 1939/543/2 1878/734/2
f 1877/736/2 1878/734/2 1939/543/2
f 1939/543/2 1940/737/2 1877/736/2
f 1876/703/2 1877/736/2 1940/737/2
f 1941/702/2 1876/703/2 1940/737/2
f 1972/706/2 1847/709/2 1971/738/2
f 1847/709/2 1848/739/2 1971/738/2
f 1848/739/2 1849/740/2 1971/738/2
f 1970/405/2 1971/738/2 1849/740/2
f 1849/740/2 1850/741/2 1970/405/2
f 1969/704/2 1970/405/2 1850/741/2
f 1851/380/2 1969/704/2 1850/741/2
f 1892/656/2 1916/657/2 1917/691/2
f 1917/691/2 1891/689/2 1892/656/2
f 1876/703/2 1942/406/2 1875/742/2
f 1942/406/2 1943/743/2 1875/742/2
f 1874/664/2 1875/742/2 1943/743/2
f 1944/663/2 1874/664/2 1943/743/2
f 1966/698/2 1855/699/2 1965/653/2
f 1856/655/2 1965/653/2 1855/699/2
f 2006/177/2 2007/179/2 2008/178/2
f 2003/180/2 2004/181/2 2006/177/2
f 2005/182/2 2006/177/2 2004/181/2
f 2002/183/2 2009/185/2 2010/184/2
f 2011/186/2 2001/187/2 2010/184/2
f 2002/183/2 2010/184/2 2001/187/2
f 2006/177/2 2008/178/2 2009/185/2
f 2003/180/2 2006/177/2 2009/185/2
f 2009/185/2 2002/183/2 2003/180/2
f 2017/188/2 2018/190/2 2016/189/2
f 2016/189/2 2018/190/2 2015/191/2
f 2012/3/2 2000/192/2 2011/186/2
f 2001/187/2 2011/186/2 2000/192/2
f 1991/193/2 1992/195/2 1994/194/2
f 1993/196/2 1994/194/2 1992/195/2
f 2026/197/2 1986/199/2 2025/198/2
f 1987/200/2 2025/198/2 1986/199/2
f 2029/2/2 1982/202/2 2028/201/2
f 2028/201/2 1982/202/2 2027/203/2
f 1985/204/2 2027/203/2 1982/202/2
f 1984/205/2 1985/204/2 1982/202/2
f 1982/202/2 1983/206/2 1984/205/2
f 2027/203/2 1985/204/2 2026/197/2
f 1986/199/2 2026/197/2 1985/204/2
f 2025/198/2 1987/200/2 2024/207/2
f 1988/208/2 2024/207/2 1987/200/2
f 1979/209/2 1980/211/2 1981/210/2
f 1981/210/2 1978/4/2 1979/209/2
f 2019/212/2 2020/213/2 2018/190/2
f 2020/213/2 2021/214/2 2018/190/2
f 2015/191/2 2018/190/2 2021/214/2
f 2014/215/2 2015/191/2 2021/214/2
f 2021/214/2 2022/216/2 2014/215/2
f 2013/217/2 2014/215/2 2022/216/2
f 2022/216/2 2023/218/2 2013/217/2
f 2012/3/2 2013/217/2 2023/218/2
f 2023/218/2 2024/207/2 2012/3/2
f 2000/192/2 2012/3/2 2024/207/2
f 2024/207/2 1988/208/2 2000/192/2
f 1999/219/2 2000/192/2 1988/208/2
f 1988/208/2 1989/220/2 1999/219/2
f 1998/221/2 1999/219/2 1989/220/2
f 1989/220/2 1990/222/2 1998/221/2
f 1997/223/2 1998/221/2 1990/222/2
f 1990/222/2 1991/193/2 1997/223/2
f 1991/193/2 1994/194/2 1997/223/2
f 1996/224/2 1997/223/2 1994/194/2
f 1995/1/2 1996/224/2 1994/194/2
f 2032/1/2 2036/2/2 2030/4/2
f 2030/4/2 2031/454/2 2032/1/2
f 2036/2/2 2032/1/2 2035/447/2
f 2034/3/2 2035/447/2 2032/1/2
f 2033/465/2 2034/3/2 2032/1/2
f 719/600/3 720/594/3 1738/594/3 1737/600/3
f 533/411/4 534/407/4 1552/407/4 1551/411/4
f 773/2/5 770/605/5 1788/605/5 1791/2/5
f 325/310/6 326/309/6 1344/309/6 1343/310/6
f 514/412/7 515/413/7 1533/413/7 1532/412/7
f 772/606/8 773/2/8 1791/2/8 1790/606/8
f 231/4/9 232/311/9 1250/311/9 1249/4/9
f 73/111/10 74/113/10 1092/113/10 1091/111/10
f 705/607/11 706/609/11 1724/609/11 1723/607/11
f 530/414/12 531/3/12 1549/3/12 1548/414/12
f 35/112/13 36/114/13 1054/114/13 1053/112/13
f 324/312/14 325/310/14 1343/310/14 1342/312/14
f 232/311/15 233/313/15 1251/313/15 1250/311/15
f 511/410/16 512/1/16 1530/1/16 1529/410/16
f 36/114/17 37/115/17 1055/115/17 1054/114/17
f 737/610/18 738/608/18 1756/608/18 1755/610/18
f 512/1/19 513/415/19 1531/415/19 1530/1/19
f 706/609/20 707/1/20 1725/1/20 1724/609/20
f 272/287/21 273/314/21 1291/314/21 1290/287/21
f 72/116/22 73/111/22 1091/111/22 1090/116/22
f 532/416/23 533/411/23 1551/411/23 1550/416/23
f 848/652/24 849/648/24 1867/648/24 1866/652/24
f 37/115/25 38/117/25 1056/117/25 1055/115/25
f 736/611/26 737/610/26 1755/610/26 1754/611/26
f 287/315/27 288/289/27 1306/289/27 1305/315/27
f 513/415/28 514/412/28 1532/412/28 1531/415/28
f 946/654/29 947/653/29 1965/653/29 1964/654/29
f 707/1/30 708/612/30 1726/612/30 1725/1/30
f 273/314/31 274/295/31 1292/295/31 1291/314/31
f 531/3/32 532/416/32 1550/416/32 1549/3/32
f 71/98/33 72/116/33 1090/116/33 1089/98/33
f 286/296/34 287/315/34 1305/315/34 1304/296/34
f 874/656/35 875/412/35 1893/412/35 1892/656/35
f 38/117/36 39/97/36 1057/97/36 1056/117/36
f 735/613/37 736/611/37 1754/611/37 1753/613/37
f 323/316/38 324/312/38 1342/312/38 1341/316/38
f 517/417/39 518/419/39 1536/419/39 1535/417/39
f 133/119/40 134/118/40 1152/118/40 1151/119/40
f 708/612/41 709/614/41 1727/614/41 1726/612/41
f 233/313/42 234/317/42 1252/317/42 1251/313/42
f 897/658/43 898/657/43 1916/657/43 1915/658/43
f 521/420/44 522/422/44 1540/422/44 1539/420/44
f 20/120/45 21/121/45 1039/121/45 1038/120/45
f 734/615/46 735/613/46 1753/613/46 1752/615/46
f 522/422/47 523/421/47 1541/421/47 1540/422/47
f 875/412/48 876/659/48 1894/659/48 1893/412/48
f 709/614/49 710/616/49 1728/616/49 1727/614/49
f 322/318/50 323/316/50 1341/316/50 1340/318/50
f 132/122/51 133/119/51 1151/119/51 1150/122/51
f 234/317/52 235/319/52 1253/319/52 1252/317/52
f 523/421/53 524/423/53 1542/423/53 1541/421/53
f 945/401/54 946/654/54 1964/654/54 1963/401/54
f 733/617/55 734/615/55 1752/615/55 1751/617/55
f 235/319/56 236/320/56 1254/320/56 1253/319/56
f 518/419/57 519/424/57 1537/424/57 1536/419/57
f 131/123/58 132/122/58 1150/122/58 1149/123/58
f 710/616/59 711/618/59 1729/618/59 1728/616/59
f 838/655/60 839/660/60 1857/660/60 1856/655/60
f 527/425/61 528/418/61 1546/418/61 1545/425/61
f 896/421/62 897/658/62 1915/658/62 1914/421/62
f 130/124/63 131/123/63 1149/123/63 1148/124/63
f 321/292/64 322/318/64 1340/318/64 1339/292/64
f 519/424/65 520/426/65 1538/426/65 1537/424/65
f 21/121/66 22/125/66 1040/125/66 1039/121/66
f 732/619/67 733/617/67 1751/617/67 1750/619/67
f 236/320/68 237/291/68 1255/291/68 1254/320/68
f 711/618/69 712/620/69 1730/620/69 1729/618/69
f 267/242/70 268/283/70 1286/283/70 1285/242/70
f 895/661/71 896/421/71 1914/421/71 1913/661/71
f 526/427/72 527/425/72 1545/425/72 1544/427/72
f 876/659/73 877/662/73 1895/662/73 1894/659/73
f 129/126/74 130/124/74 1148/124/74 1147/126/74
f 712/620/75 713/621/75 1731/621/75 1730/620/75
f 292/282/76 293/244/76 1311/244/76 1310/282/76
f 520/426/77 521/420/77 1539/420/77 1538/426/77
f 22/125/78 23/127/78 1041/127/78 1040/125/78
f 316/246/79 317/275/79 1335/275/79 1334/246/79
f 926/663/80 927/665/80 1945/665/80 1944/663/80
f 731/622/81 732/619/81 1750/619/81 1749/622/81
f 242/277/82 243/248/82 1261/248/82 1260/277/82
f 525/428/83 526/427/83 1544/427/83 1543/428/83
f 128/128/84 129/126/84 1147/126/84 1146/128/84
f 713/621/85 714/623/85 1732/623/85 1731/621/85
f 524/423/86 525/428/86 1543/428/86 1542/423/86
f 357/177/87 358/179/87 1376/179/87 1375/177/87
f 943/666/88 944/667/88 1962/667/88 1961/666/88
f 358/179/89 359/178/89 1377/178/89 1376/179/89
f 515/413/90 516/429/90 1534/429/90 1533/413/90
f 135/131/91 136/130/91 1154/130/91 1153/131/91
f 730/624/92 731/622/92 1749/622/92 1748/624/92
f 944/667/93 945/401/93 1963/401/93 1962/667/93
f 714/623/94 715/625/94 1733/625/94 1732/623/94
f 354/180/95 355/181/95 1373/181/95 1372/180/95
f 529/430/96 530/414/96 1548/414/96 1547/430/96
f 18/132/97 19/129/97 1037/129/97 1036/132/97
f 516/429/98 517/417/98 1535/417/98 1534/429/98
f 839/660/99 840/402/99 1858/402/99 1857/660/99
f 136/130/100 137/133/100 1155/133/100 1154/130/100
f 355/181/101 356/182/101 1374/182/101 1373/181/101
f 894/668/102 895/661/102 1913/661/102 1912/668/102
f 701/603/103 702/626/103 1720/626/103 1719/603/103
f 356/182/104 357/177/104 1375/177/104 1374/182/104
f 528/418/105 529/430/105 1547/430/105 1546/418/105
f 877/662/106 878/669/106 1896/669/106 1895/662/106
f 17/134/107 18/132/107 1036/132/107 1035/134/107
f 741/627/108 742/604/108 1760/604/108 1759/627/108
f 508/385/109 509/408/109 1527/408/109 1526/385/109
f 702/626/110 703/628/110 1721/628/110 1720/626/110
f 360/185/111 361/184/111 1379/184/111 1378/185/111
f 535/406/112 536/384/112 1554/384/112 1553/406/112
f 16/135/113 17/134/113 1035/134/113 1034/135/113
f 361/184/114 362/186/114 1380/186/114 1379/184/114
f 893/640/115 894/668/115 1912/668/115 1911/640/115
f 5/4/116 6/136/116 1024/136/116 1023/4/116
f 547/405/117 548/431/117 1566/431/117 1565/405/117
f 878/669/118 879/642/118 1897/642/118 1896/669/118
f 740/3/119 741/627/119 1759/627/119 1758/3/119
f 548/431/44 549/432/44 1567/432/44 1566/431/44
f 855/670/120 856/664/120 1874/664/120 1873/670/120
f 141/137/44 5/4/44 1023/4/44 1159/137/44
f 703/628/121 704/629/121 1722/629/121 1721/628/121
f 352/187/122 353/183/122 1371/183/122 1370/187/122
f 549/432/5 550/2/5 1568/2/5 1567/432/5
f 927/665/123 928/671/123 1946/671/123 1945/665/123
f 7/138/124 8/139/124 1026/139/124 1025/138/124
f 359/178/125 360/185/125 1378/185/125 1377/178/125
f 552/433/117 553/435/117 1571/435/117 1570/433/117
f 739/630/126 740/3/126 1758/3/126 1757/630/126
f 553/435/44 554/434/44 1572/434/44 1571/435/44
f 928/671/127 929/672/127 1947/672/127 1946/671/127
f 6/136/128 7/138/128 1025/138/128 1024/136/128
f 704/629/129 705/607/129 1723/607/129 1722/629/129
f 353/183/130 354/180/130 1372/180/130 1371/183/130
f 367/189/131 368/188/131 1386/188/131 1385/189/131
f 551/4/132 552/433/132 1570/433/132 1569/4/132
f 140/140/133 141/137/133 1159/137/133 1158/140/133
f 738/608/134 739/630/134 1757/630/134 1756/608/134
f 368/188/135 369/190/135 1387/190/135 1386/188/135
f 854/391/136 855/670/136 1873/670/136 1872/391/136
f 729/471/137 730/624/137 1748/624/137 1747/471/137
f 554/434/138 555/436/138 1573/436/138 1572/434/138
f 929/672/139 930/673/139 1948/673/139 1947/672/139
f 366/191/140 367/189/140 1385/189/140 1384/191/140
f 555/436/141 556/437/141 1574/437/141 1573/436/141
f 10/142/142 11/141/142 1029/141/142 1028/142/142
f 715/625/143 716/631/143 1734/631/143 1733/625/143
f 362/186/144 363/3/144 1381/3/144 1380/186/144
f 853/674/145 854/391/145 1872/391/145 1871/674/145
f 9/143/146 10/142/146 1028/142/146 1027/143/146
f 930/673/147 931/388/147 1949/388/147 1948/673/147
f 8/139/148 9/143/148 1027/143/148 1026/139/148
f 728/632/10 729/471/10 1747/471/10 1746/632/10
f 556/437/149 557/439/149 1575/439/149 1574/437/149
f 716/631/150 717/633/150 1735/633/150 1734/631/150
f 351/192/151 352/187/151 1370/187/151 1369/192/151
f 931/388/152 932/675/152 1950/675/152 1949/388/152
f 137/133/153 138/144/153 1156/144/153 1155/133/153
f 557/439/154 558/440/154 1576/440/154 1575/439/154
f 342/193/155 343/195/155 1361/195/155 1360/193/155
f 15/145/156 16/135/156 1034/135/156 1033/145/156
f 727/599/157 728/632/157 1746/632/157 1745/599/157
f 558/440/158 559/441/158 1577/441/158 1576/440/158
f 852/676/159 853/674/159 1871/674/159 1870/676/159
f 138/144/160 139/146/160 1157/146/160 1156/144/160
f 717/633/161 718/470/161 1736/470/161 1735/633/161
f 343/195/162 344/196/162 1362/196/162 1361/195/162
f 932/675/163 933/677/163 1951/677/163 1950/675/163
f 698/572/164 699/595/164 1717/595/164 1716/572/164
f 344/196/165 345/194/165 1363/194/165 1362/196/165
f 376/198/166 377/197/166 1395/197/166 1394/198/166
f 603/442/5 604/438/5 1622/438/5 1621/442/5
f 14/147/167 15/145/167 1033/145/167 1032/147/167
f 745/596/168 746/574/168 1764/574/168 1763/596/168
f 851/678/169 852/676/169 1870/676/169 1869/678/169
f 722/634/170 723/590/170 1741/590/170 1740/634/170
f 561/443/171 562/445/171 1580/445/171 1579/443/171
f 933/677/172 934/679/172 1952/679/172 1951/677/172
f 13/148/173 14/147/173 1032/147/173 1031/148/173
f 337/199/174 338/200/174 1356/200/174 1355/199/174
f 139/146/175 140/140/175 1158/140/175 1157/146/175
f 769/576/176 722/634/176 1740/634/176 1787/576/176
f 379/201/177 380/2/177 1398/2/177 1397/201/177
f 600/446/178 601/444/178 1619/444/178 1618/446/178
f 850/650/179 851/678/179 1869/678/179 1868/650/179
f 674/4/180 675/577/180 1693/577/180 1692/4/180
f 380/2/181 333/202/181 1351/202/181 1398/2/181
f 934/679/182 935/649/182 1953/649/182 1952/679/182
f 12/149/183 13/148/183 1031/148/183 1030/149/183
f 771/635/117 772/606/117 1790/606/117 1789/635/117
f 596/447/184 597/449/184 1615/449/184 1614/447/184
f 11/141/185 12/149/185 1030/149/185 1029/141/185
f 770/605/186 771/635/186 1789/635/186 1788/605/186
f 378/203/187 379/201/187 1397/201/187 1396/203/187
f 936/651/188 937/680/188 1955/680/188 1954/651/188
f 134/118/189 135/131/189 1153/131/189 1152/118/189
f 802/177/87 803/179/87 1821/179/87 1820/177/87
f 562/445/190 563/450/190 1581/450/190 1580/445/190
f 847/397/191 848/652/191 1866/652/191 1865/397/191
f 19/129/192 20/120/192 1038/120/192 1037/129/192
f 803/179/89 804/178/89 1822/178/89 1821/179/89
f 937/680/193 938/394/193 1956/394/193 1955/680/193
f 127/150/194 128/128/194 1146/128/194 1145/150/194
f 804/178/195 805/185/195 1823/185/195 1822/178/195
f 599/451/196 600/446/196 1618/446/196 1617/451/196
f 335/205/197 336/204/197 1354/204/197 1353/205/197
f 563/450/198 564/452/198 1582/452/198 1581/450/198
f 23/127/199 24/151/199 1042/151/199 1041/127/199
f 800/181/101 801/182/101 1819/182/101 1818/181/101
f 333/202/200 334/206/200 1352/206/200 1351/202/200
f 846/681/201 847/397/201 1865/397/201 1864/681/201
f 801/182/202 802/177/202 1820/177/202 1819/182/202
f 334/206/203 335/205/203 1353/205/203 1352/206/203
f 377/197/204 378/203/204 1396/203/204 1395/197/204
f 598/453/205 599/451/205 1617/451/205 1616/453/205
f 845/500/206 846/681/206 1864/681/206 1863/500/206
f 126/152/207 127/150/207 1145/150/207 1144/152/207
f 798/183/130 799/180/130 1817/180/130 1816/183/130
f 564/452/208 565/448/208 1583/448/208 1582/452/208
f 938/394/209 939/682/209 1957/682/209 1956/394/209
f 336/204/210 337/199/210 1355/199/210 1354/204/210
f 125/153/211 126/152/211 1144/152/211 1143/153/211
f 375/207/212 376/198/212 1394/198/212 1393/207/212
f 597/449/213 598/453/213 1616/453/213 1615/449/213
f 844/683/214 845/500/214 1863/500/214 1862/683/214
f 124/154/215 125/153/215 1143/153/215 1142/154/215
f 806/184/114 807/186/114 1825/186/114 1824/184/114
f 338/200/216 339/208/216 1357/208/216 1356/200/216
f 559/441/217 560/454/217 1578/454/217 1577/441/217
f 939/682/218 940/512/218 1958/512/218 1957/682/218
f 123/102/219 124/154/219 1142/154/219 1141/102/219
f 797/187/122 798/183/122 1816/183/122 1815/187/122
f 602/455/220 603/442/220 1621/442/220 1620/455/220
f 805/185/111 806/184/111 1824/184/111 1823/185/111
f 330/209/132 331/211/132 1349/211/132 1348/209/132
f 560/454/221 561/443/221 1579/443/221 1578/454/221
f 843/684/222 844/683/222 1862/683/222 1861/684/222
f 331/211/117 332/210/117 1350/210/117 1349/211/117
f 940/512/223 941/685/223 1959/685/223 1958/512/223
f 120/155/224 121/101/224 1139/101/224 1138/155/224
f 332/210/44 329/4/44 1347/4/44 1350/210/44
f 601/444/225 602/455/225 1620/455/225 1619/444/225
f 799/180/226 800/181/226 1818/181/226 1817/180/226
f 329/4/5 330/209/5 1348/209/5 1347/4/5
f 591/457/227 592/456/227 1610/456/227 1609/457/227
f 119/156/228 120/155/228 1138/155/228 1137/156/228
f 812/189/131 813/188/131 1831/188/131 1830/189/131
f 369/190/229 370/212/229 1388/212/229 1387/190/229
f 842/686/230 843/684/230 1861/684/230 1860/686/230
f 24/151/231 25/157/231 1043/157/231 1042/151/231
f 813/188/135 814/190/135 1832/190/135 1831/188/135
f 370/212/232 371/213/232 1389/213/232 1388/212/232
f 941/685/233 942/687/233 1960/687/233 1959/685/233
f 567/459/234 568/458/234 1586/458/234 1585/459/234
f 371/213/235 372/214/235 1390/214/235 1389/213/235
f 118/158/236 119/156/236 1137/156/236 1136/158/236
f 811/191/140 812/189/140 1830/189/140 1829/191/140
f 592/456/237 593/460/237 1611/460/237 1610/456/237
f 841/688/238 842/686/238 1860/686/238 1859/688/238
f 942/687/239 943/666/239 1961/666/239 1960/687/239
f 117/103/240 118/158/240 1136/158/240 1135/103/240
f 807/186/144 808/3/144 1826/3/144 1825/186/144
f 569/1/241 570/461/241 1588/461/241 1587/1/241
f 25/157/242 26/159/242 1044/159/242 1043/157/242
f 365/215/243 366/191/243 1384/191/243 1383/215/243
f 840/402/244 841/688/244 1859/688/244 1858/402/244
f 796/192/151 797/187/151 1815/187/151 1814/192/151
f 372/214/245 373/216/245 1391/216/245 1390/214/245
f 26/159/246 27/160/246 1045/160/246 1044/159/246
f 788/195/162 789/196/162 1807/196/162 1806/195/162
f 588/462/247 589/463/247 1607/463/247 1606/462/247
f 789/196/165 790/194/165 1808/194/165 1807/196/165
f 899/691/248 900/690/248 1918/690/248 1917/691/248
f 364/217/249 365/215/249 1383/215/249 1382/217/249
f 589/463/250 590/464/250 1608/464/250 1607/463/250
f 27/160/251 28/161/251 1046/161/251 1045/160/251
f 787/193/155 788/195/155 1806/195/155 1805/193/155
f 373/216/252 374/218/252 1392/218/252 1391/216/252
f 872/692/253 873/689/253 1891/689/253 1890/692/253
f 28/161/254 29/162/254 1047/162/254 1046/161/254
f 568/458/255 569/1/255 1587/1/255 1586/458/255
f 871/693/256 872/692/256 1890/692/256 1889/693/256
f 363/3/257 364/217/257 1382/217/257 1381/3/257
f 590/464/258 591/457/258 1609/457/258 1608/464/258
f 949/695/259 950/694/259 1968/694/259 1967/695/259
f 821/198/166 822/197/166 1840/197/166 1839/198/166
f 374/218/260 375/207/260 1393/207/260 1392/218/260
f 577/466/261 578/465/261 1596/465/261 1595/466/261
f 178/2/132 142/108/132 1160/108/132 1196/2/132
f 578/465/262 579/467/262 1597/467/262 1596/465/262
f 29/162/44 30/163/44 1048/163/44 1047/162/44
f 782/199/174 783/200/174 1801/200/174 1800/199/174
f 835/696/263 836/697/263 1854/697/263 1853/696/263
f 778/202/200 779/206/200 1797/206/200 1796/202/200
f 576/468/264 577/466/264 1595/466/264 1594/468/264
f 779/206/203 780/205/203 1798/205/203 1797/206/203
f 350/219/265 351/192/265 1369/192/265 1368/219/265
f 579/467/266 580/469/266 1598/469/266 1597/467/266
f 948/698/267 949/695/267 1967/695/267 1966/698/267
f 79/164/132 80/110/132 1098/110/132 1097/164/132
f 824/201/177 825/2/177 1843/2/177 1842/201/177
f 339/208/268 340/220/268 1358/220/268 1357/208/268
f 836/697/269 837/699/269 1855/699/269 1854/697/269
f 825/2/270 778/202/270 1796/202/270 1843/2/270
f 78/165/271 79/164/271 1097/164/271 1096/165/271
f 575/470/272 576/468/272 1594/468/272 1593/470/272
f 30/163/273 31/166/273 1049/166/273 1048/163/273
f 349/221/274 350/219/274 1368/219/274 1367/221/274
f 580/469/275 581/471/275 1599/471/275 1598/469/275
f 900/690/276 901/700/276 1919/700/276 1918/690/276
f 823/203/277 824/201/277 1842/201/277 1841/203/277
f 340/220/278 341/222/278 1359/222/278 1358/220/278
f 870/701/279 871/693/279 1889/693/279 1888/701/279
f 77/167/280 78/165/280 1096/165/280 1095/167/280
f 574/472/281 575/470/281 1593/470/281 1592/472/281
f 923/702/282 924/406/282 1942/406/282 1941/702/282
f 31/166/283 32/168/283 1050/168/283 1049/166/283
f 780/205/197 781/204/197 1799/204/197 1798/205/197
f 348/223/284 349/221/284 1367/221/284 1366/223/284
f 581/471/285 582/473/285 1600/473/285 1599/471/285
f 341/222/286 342/193/286 1360/193/286 1359/222/286
f 822/197/204 823/203/204 1841/203/204 1840/197/204
f 573/474/287 574/472/287 1592/472/287 1591/474/287
f 950/694/288 951/704/288 1969/704/288 1968/694/288
f 76/169/289 77/167/289 1095/167/289 1094/169/289
f 781/204/210 782/199/210 1800/199/210 1799/204/210
f 32/168/290 33/170/290 1051/170/290 1050/168/290
f 582/473/291 583/475/291 1601/475/291 1600/473/291
f 347/224/292 348/223/292 1366/223/292 1365/224/292
f 833/380/293 834/705/293 1852/705/293 1851/380/293
f 820/207/212 821/198/212 1839/198/212 1838/207/212
f 345/194/294 346/1/294 1364/1/294 1363/194/294
f 583/475/295 584/476/295 1602/476/295 1601/475/295
f 75/171/296 76/169/296 1094/169/296 1093/171/296
f 783/200/216 784/208/216 1802/208/216 1801/200/216
f 346/1/297 347/224/297 1365/224/297 1364/1/297
f 834/705/298 835/696/298 1853/696/298 1852/705/298
f 33/170/299 34/172/299 1052/172/299 1051/170/299
f 775/209/132 776/211/132 1794/211/132 1793/209/132
f 407/321/132 408/323/132 1426/323/132 1425/321/132
f 572/477/300 573/474/300 1591/474/300 1590/477/300
f 954/706/301 955/708/301 1973/708/301 1972/706/301
f 776/211/117 777/210/117 1795/210/117 1794/211/117
f 408/323/117 409/322/117 1427/322/117 1426/323/117
f 584/476/302 585/478/302 1603/478/302 1602/476/302
f 74/113/303 75/171/303 1093/171/303 1092/113/303
f 777/210/44 774/4/44 1792/4/44 1795/210/44
f 828/707/304 829/709/304 1847/709/304 1846/707/304
f 34/172/305 35/112/305 1053/112/305 1052/172/305
f 774/4/5 775/209/5 1793/209/5 1792/4/5
f 406/324/5 407/321/5 1425/321/5 1424/324/5
f 814/190/229 815/212/229 1833/212/229 1832/190/229
f 571/479/306 572/477/306 1590/477/306 1589/479/306
f 958/710/307 959/2/307 1977/2/307 1976/710/307
f 112/63/308 113/173/308 1131/173/308 1130/63/308
f 815/212/232 816/213/232 1834/213/232 1833/212/232
f 409/322/132 410/326/132 1428/326/132 1427/322/132
f 585/478/309 586/480/309 1604/480/309 1603/478/309
f 959/2/44 826/4/44 1844/4/44 1977/2/44
f 410/326/117 411/325/117 1429/325/117 1428/326/117
f 151/174/310 152/64/310 1170/64/310 1169/174/310
f 816/213/235 817/214/235 1835/214/235 1834/213/235
f 411/325/44 412/327/44 1430/327/44 1429/325/44
f 586/480/311 587/3/311 1605/3/311 1604/480/311
f 957/711/312 958/710/312 1976/710/312 1975/711/312
f 150/175/313 151/174/313 1169/174/313 1168/175/313
f 113/173/314 114/92/314 1132/92/314 1131/173/314
f 570/461/315 571/479/315 1589/479/315 1588/461/315
f 956/712/316 957/711/316 1975/711/316 1974/712/316
f 810/215/243 811/191/243 1829/191/243 1828/215/243
f 587/3/317 588/462/317 1606/462/317 1605/3/317
f 826/4/318 827/713/318 1845/713/318 1844/4/318
f 149/90/319 150/175/319 1168/175/319 1167/90/319
f 817/214/245 818/216/245 1836/216/245 1835/214/245
f 405/329/132 406/324/132 1424/324/132 1423/329/132
f 565/448/320 566/481/320 1584/481/320 1583/448/320
f 175/67/321 176/176/321 1194/176/321 1193/67/321
f 415/328/44 416/330/44 1434/330/44 1433/328/44
f 955/708/322 956/712/322 1974/712/322 1973/708/322
f 176/176/323 177/109/323 1195/109/323 1194/176/323
f 809/217/249 810/215/249 1828/215/249 1827/217/249
f 595/482/324 596/447/324 1614/447/324 1613/482/324
f 827/713/325 828/707/325 1846/707/325 1845/713/325
f 818/216/252 819/218/252 1837/218/252 1836/216/252
f 80/110/326 81/66/326 1099/66/326 1098/110/326
f 404/331/327 405/329/327 1423/329/327 1422/331/327
f 594/483/328 595/482/328 1613/482/328 1612/483/328
f 901/700/329 902/529/329 1920/529/329 1919/700/329
f 69/57/330 70/96/330 1088/96/330 1087/57/330
f 416/330/331 417/332/331 1435/332/331 1434/330/331
f 566/481/332 567/459/332 1585/459/332 1584/481/332
f 808/3/257 809/217/257 1827/217/257 1826/3/257
f 869/714/333 870/701/333 1888/701/333 1887/714/333
f 40/99/334 41/59/334 1059/59/334 1058/99/334
f 819/218/260 820/207/260 1838/207/260 1837/218/260
f 593/460/335 594/483/335 1612/483/335 1611/460/335
f 902/529/336 903/427/336 1921/427/336 1920/529/336
f 403/333/337 404/331/337 1422/331/337 1421/333/337
f 605/2/5 551/4/5 1569/4/5 1623/2/5
f 207/177/87 208/179/87 1226/179/87 1225/177/87
f 417/332/338 418/334/338 1436/334/338 1435/332/338
f 604/438/44 605/2/44 1623/2/44 1622/438/44
f 208/179/89 209/178/89 1227/178/89 1226/179/89
f 868/410/339 869/714/339 1887/714/339 1886/410/339
f 608/484/117 609/486/117 1627/486/117 1626/484/117
f 903/427/340 904/715/340 1922/715/340 1921/427/340
f 204/180/226 205/181/226 1223/181/226 1222/180/226
f 795/219/265 796/192/265 1814/192/265 1813/219/265
f 402/335/341 403/333/341 1421/333/341 1420/335/341
f 609/486/342 610/485/342 1628/485/342 1627/486/342
f 784/208/268 785/220/268 1803/220/268 1802/208/268
f 418/334/343 419/336/343 1437/336/343 1436/334/343
f 205/181/101 206/182/101 1224/182/101 1223/181/101
f 867/716/344 868/410/344 1886/410/344 1885/716/344
f 206/182/104 207/177/104 1225/177/104 1224/182/104
f 904/715/345 905/717/345 1923/717/345 1922/715/345
f 794/221/274 795/219/274 1813/219/274 1812/221/274
f 401/337/346 402/335/346 1420/335/346 1419/337/346
f 607/487/347 608/484/347 1626/484/347 1625/487/347
f 785/220/278 786/222/278 1804/222/278 1803/220/278
f 210/185/111 211/184/111 1229/184/111 1228/185/111
f 400/338/348 401/337/348 1419/337/348 1418/338/348
f 866/718/349 867/716/349 1885/716/349 1884/718/349
f 211/184/114 212/186/114 1230/186/114 1229/184/114
f 419/336/350 420/339/350 1438/339/350 1437/336/350
f 614/489/351 615/488/351 1633/488/351 1632/489/351
f 905/717/352 906/719/352 1924/719/352 1923/717/352
f 793/223/284 794/221/284 1812/221/284 1811/223/284
f 786/222/286 787/193/286 1805/193/286 1804/222/286
f 611/465/353 612/491/353 1630/491/353 1629/465/353
f 202/187/122 203/183/122 1221/183/122 1220/187/122
f 399/340/354 400/338/354 1418/338/354 1417/340/354
f 612/491/117 613/490/117 1631/490/117 1630/491/117
f 865/720/355 866/718/355 1884/718/355 1883/720/355
f 906/719/356 907/721/356 1925/721/356 1924/719/356
f 209/178/195 210/185/195 1228/185/195 1227/178/195
f 398/341/357 399/340/357 1417/340/357 1416/341/357
f 792/224/292 793/223/292 1811/223/292 1810/224/292
f 426/343/358 427/342/358 1445/342/358 1444/343/358
f 613/490/359 606/4/359 1624/4/359 1631/490/359
f 907/721/360 908/722/360 1926/722/360 1925/721/360
f 203/183/130 204/180/130 1222/180/130 1221/183/130
f 790/194/294 791/1/294 1809/1/294 1808/194/294
f 610/485/117 611/465/117 1629/465/117 1628/485/117
f 217/189/131 218/188/131 1236/188/131 1235/189/131
f 791/1/297 792/224/297 1810/224/297 1809/1/297
f 218/188/135 219/190/135 1237/190/135 1236/188/135
f 385/344/361 386/345/361 1404/345/361 1403/344/361
f 615/488/5 616/2/5 1634/2/5 1633/488/5
f 864/544/362 865/720/362 1883/720/362 1882/544/362
f 884/636/363 885/638/363 1903/638/363 1902/636/363
f 908/722/364 909/723/364 1927/723/364 1926/722/364
f 216/191/140 217/189/140 1235/189/140 1234/191/140
f 427/342/365 428/346/365 1446/346/365 1445/342/365
f 616/2/366 614/489/366 1632/489/366 1634/2/366
f 885/638/367 886/639/367 1904/639/367 1903/638/367
f 606/4/5 607/487/5 1625/487/5 1624/4/5
f 212/186/144 213/3/144 1231/3/144 1230/186/144
f 886/639/132 887/637/132 1905/637/132 1904/639/132
f 863/724/368 864/544/368 1882/544/368 1881/724/368
f 892/641/369 893/640/369 1911/640/369 1910/641/369
f 384/347/370 385/344/370 1403/344/370 1402/347/370
f 619/492/117 620/494/117 1638/494/117 1637/492/117
f 909/723/371 910/430/371 1928/430/371 1927/723/371
f 620/494/44 621/493/44 1639/493/44 1638/494/44
f 201/192/151 202/187/151 1220/187/151 1219/192/151
f 879/642/372 880/643/372 1898/643/372 1897/642/372
f 425/349/373 426/343/373 1444/343/373 1443/349/373
f 618/495/132 619/492/132 1637/492/132 1636/495/132
f 862/725/374 863/724/374 1881/724/374 1880/725/374
f 192/193/155 193/195/155 1211/195/155 1210/193/155
f 910/430/375 911/726/375 1929/726/375 1928/430/375
f 387/350/376 388/348/376 1406/348/376 1405/350/376
f 193/195/162 194/196/162 1212/196/162 1211/195/162
f 891/644/377 892/641/377 1910/641/377 1909/644/377
f 386/345/378 387/350/378 1405/350/378 1404/345/378
f 673/2/44 617/4/44 1635/4/44 1691/2/44
f 911/726/379 912/727/379 1930/727/379 1929/726/379
f 194/196/165 195/194/165 1213/194/165 1212/196/165
f 890/645/380 891/644/380 1909/644/380 1908/645/380
f 439/351/381 440/2/381 1458/2/381 1457/351/381
f 617/4/5 618/495/5 1636/495/5 1635/4/5
f 226/198/166 227/197/166 1245/197/166 1244/198/166
f 440/2/44 381/4/44 1399/4/44 1458/2/44
f 912/727/382 913/728/382 1931/728/382 1930/727/382
f 880/643/383 881/646/383 1899/646/383 1898/643/383
f 621/493/384 622/496/384 1640/496/384 1639/493/384
f 622/496/385 623/497/385 1641/497/385 1640/496/385
f 913/728/386 914/729/386 1932/729/386 1931/728/386
f 187/199/174 188/200/174 1206/200/174 1205/199/174
f 438/352/387 439/351/387 1457/351/387 1456/352/387
f 889/426/388 890/645/388 1908/645/388 1907/426/388
f 437/353/389 438/352/389 1456/352/389 1455/353/389
f 229/201/177 230/2/177 1248/2/177 1247/201/177
f 881/646/390 882/417/390 1900/417/390 1899/646/390
f 672/498/5 673/2/5 1691/2/5 1690/498/5
f 861/385/391 862/725/391 1880/725/391 1879/385/391
f 230/2/181 183/202/181 1201/202/181 1248/2/181
f 623/497/392 624/499/392 1642/499/392 1641/497/392
f 914/729/393 915/730/393 1933/730/393 1932/729/393
f 436/354/394 437/353/394 1455/353/394 1454/354/394
f 228/203/187 229/201/187 1247/201/187 1246/203/187
f 888/647/395 889/426/395 1907/426/395 1906/647/395
f 624/499/396 625/500/396 1643/500/396 1642/499/396
f 915/730/397 916/731/397 1934/731/397 1933/730/397
f 882/417/398 883/534/398 1901/534/398 1900/417/398
f 435/355/399 436/354/399 1454/354/399 1453/355/399
f 434/356/400 435/355/400 1453/355/400 1452/356/400
f 916/731/401 917/416/401 1935/416/401 1934/731/401
f 671/501/402 672/498/402 1690/498/402 1689/501/402
f 887/637/403 888/647/403 1906/647/403 1905/637/403
f 917/416/404 918/732/404 1936/732/404 1935/416/404
f 185/205/197 186/204/197 1204/204/197 1203/205/197
f 883/534/405 884/636/405 1902/636/405 1901/534/405
f 433/357/406 434/356/406 1452/356/406 1451/357/406
f 631/502/407 632/504/407 1650/504/407 1649/502/407
f 183/202/200 184/206/200 1202/206/200 1201/202/200
f 918/732/408 919/733/408 1937/733/408 1936/732/408
f 184/206/203 185/205/203 1203/205/203 1202/206/203
f 849/648/409 850/650/409 1868/650/409 1867/648/409
f 432/358/410 433/357/410 1451/357/410 1450/358/410
f 227/197/204 228/203/204 1246/203/204 1245/197/204
f 381/4/411 382/359/411 1400/359/411 1399/4/411
f 663/505/412 664/503/412 1682/503/412 1681/505/412
f 935/649/413 936/651/413 1954/651/413 1953/649/413
f 860/734/414 861/385/414 1879/385/414 1878/734/414
f 186/204/210 187/199/210 1205/199/210 1204/204/210
f 919/733/415 920/735/415 1938/735/415 1937/733/415
f 225/207/212 226/198/212 1244/198/212 1243/207/212
f 431/360/416 432/358/416 1450/358/416 1449/360/416
f 628/508/417 629/507/417 1647/507/417 1646/508/417
f 920/735/418 921/543/418 1939/543/418 1938/735/418
f 188/200/216 189/208/216 1207/208/216 1206/200/216
f 430/361/419 431/360/419 1449/360/419 1448/361/419
f 667/509/420 668/506/420 1686/506/420 1685/509/420
f 629/507/421 630/510/421 1648/510/421 1647/507/421
f 429/362/422 430/361/422 1448/361/422 1447/362/422
f 859/736/423 860/734/423 1878/734/423 1877/736/423
f 180/209/132 181/211/132 1199/211/132 1198/209/132
f 382/359/424 383/363/424 1401/363/424 1400/359/424
f 921/543/425 922/737/425 1940/737/425 1939/543/425
f 181/211/117 182/210/117 1200/210/117 1199/211/117
f 2/1/132 3/3/132 1021/3/132 1020/1/132
f 666/511/426 667/509/426 1685/509/426 1684/511/426
f 182/210/44 179/4/44 1197/4/44 1200/210/44
f 428/346/427 429/362/427 1447/362/427 1446/346/427
f 3/3/117 4/2/117 1022/2/117 1021/3/117
f 179/4/5 180/209/5 1198/209/5 1197/4/5
f 4/2/44 1/4/44 1019/4/44 1022/2/44
f 665/512/428 666/511/428 1684/511/428 1683/512/428
f 858/703/429 859/736/429 1877/736/429 1876/703/429
f 219/190/229 220/212/229 1238/212/229 1237/190/229
f 383/363/430 384/347/430 1402/347/430 1401/363/430
f 1/4/5 2/1/5 1020/1/5 1019/4/5
f 630/510/431 631/502/431 1649/502/431 1648/510/431
f 922/737/432 923/702/432 1941/702/432 1940/737/432
f 220/212/232 221/213/232 1239/213/232 1238/212/232
f 953/738/433 954/706/433 1972/706/433 1971/738/433
f 412/327/117 413/364/117 1431/364/117 1430/327/117
f 54/5/132 55/7/132 1073/7/132 1072/5/132
f 664/503/434 665/512/434 1683/512/434 1682/503/434
f 221/213/235 222/214/235 1240/214/235 1239/213/235
f 413/364/44 414/365/44 1432/365/44 1431/364/44
f 55/7/435 56/6/435 1074/6/435 1073/7/435
f 829/709/436 830/739/436 1848/739/436 1847/709/436
f 414/365/5 415/328/5 1433/328/5 1432/365/5
f 56/6/437 57/8/437 1075/8/437 1074/6/437
f 625/500/438 626/513/438 1644/513/438 1643/500/438
f 830/739/439 831/740/439 1849/740/439 1848/739/439
f 420/339/440 421/366/440 1439/366/440 1438/339/440
f 57/8/441 58/9/441 1076/9/441 1075/8/441
f 670/514/442 671/501/442 1689/501/442 1688/514/442
f 215/215/243 216/191/243 1234/191/243 1233/215/243
f 626/513/443 627/515/443 1645/515/443 1644/513/443
f 222/214/245 223/216/245 1241/216/245 1240/214/245
f 397/367/444 398/341/444 1416/341/444 1415/367/444
f 952/405/445 953/738/445 1971/738/445 1970/405/445
f 831/740/446 832/741/446 1850/741/446 1849/740/446
f 396/368/447 397/367/447 1415/367/447 1414/368/447
f 61/12/448 62/11/448 1080/11/448 1079/12/448
f 669/516/449 670/514/449 1688/514/449 1687/516/449
f 214/217/249 215/215/249 1233/215/249 1232/217/249
f 421/366/450 422/369/450 1440/369/450 1439/366/450
f 627/515/451 628/508/451 1646/508/451 1645/515/451
f 223/216/252 224/218/252 1242/218/252 1241/216/252
f 49/13/452 50/10/452 1068/10/452 1067/13/452
f 951/704/453 952/405/453 1970/405/453 1969/704/453
f 668/506/454 669/516/454 1687/516/454 1686/506/454
f 832/741/455 833/380/455 1851/380/455 1850/741/455
f 395/370/456 396/368/456 1414/368/456 1413/370/456
f 96/14/457 97/16/457 1115/16/457 1114/14/457
f 635/518/458 636/517/458 1654/517/458 1653/518/458
f 213/3/257 214/217/257 1232/217/257 1231/3/257
f 898/657/459 899/691/459 1917/691/459 1916/657/459
f 224/218/260 225/207/260 1243/207/260 1242/218/260
f 394/371/460 395/370/460 1413/370/460 1412/371/460
f 873/689/461 874/656/461 1892/656/461 1891/689/461
f 422/369/462 423/372/462 1441/372/462 1440/369/462
f 95/17/463 96/14/463 1114/14/463 1113/17/463
f 659/519/464 660/520/464 1678/520/464 1677/519/464
f 857/742/465 858/703/465 1876/703/465 1875/742/465
f 163/15/466 164/18/466 1182/18/466 1181/15/466
f 634/521/288 635/518/288 1653/518/288 1652/521/288
f 924/406/467 925/743/467 1943/743/467 1942/406/467
f 393/373/468 394/371/468 1412/371/468 1411/373/468
f 200/219/265 201/192/265 1219/192/265 1218/219/265
f 94/19/469 95/17/469 1113/17/469 1112/19/469
f 660/520/470 661/522/470 1679/522/470 1678/520/470
f 189/208/268 190/220/268 1208/220/268 1207/208/268
f 392/374/471 393/373/471 1411/373/471 1410/374/471
f 164/18/472 165/20/472 1183/20/472 1182/18/472
f 856/664/312 857/742/312 1875/742/312 1874/664/312
f 423/372/473 424/375/473 1442/375/473 1441/372/473
f 636/517/474 637/523/474 1655/523/474 1654/517/474
f 925/743/475 926/663/475 1944/663/475 1943/743/475
f 947/653/476 948/698/476 1966/698/476 1965/653/476
f 199/221/274 200/219/274 1218/219/274 1217/221/274
f 93/21/477 94/19/477 1112/19/477 1111/21/477
f 190/220/278 191/222/278 1209/222/278 1208/220/278
f 391/376/478 392/374/478 1410/374/478 1409/376/478
f 658/524/479 659/519/479 1677/519/479 1676/524/479
f 837/699/480 838/655/480 1856/655/480 1855/699/480
f 92/22/481 93/21/481 1111/21/481 1110/22/481
f 646/526/117 647/525/117 1665/525/117 1664/526/117
f 390/377/482 391/376/482 1409/376/482 1408/377/482
f 165/20/483 166/23/483 1184/23/483 1183/20/483
f 647/525/44 648/527/44 1666/527/44 1665/525/44
f 988/177/87 989/179/87 2007/179/87 2006/177/87
f 198/223/284 199/221/284 1217/221/284 1216/223/284
f 424/375/484 425/349/484 1443/349/484 1442/375/484
f 989/179/89 990/178/89 2008/178/89 2007/179/89
f 191/222/286 192/193/286 1210/193/286 1209/222/286
f 91/24/485 92/22/485 1110/22/485 1109/24/485
f 645/465/132 646/526/132 1664/526/132 1663/465/132
f 985/180/226 986/181/226 2004/181/226 2003/180/226
f 389/378/486 390/377/486 1408/377/486 1407/378/486
f 166/23/487 167/25/487 1185/25/487 1184/23/487
f 388/348/488 389/378/488 1407/378/488 1406/348/488
f 644/528/489 645/465/489 1663/465/489 1662/528/489
f 986/181/101 987/182/101 2005/182/101 2004/181/101
f 197/224/292 198/223/292 1216/223/292 1215/224/292
f 648/527/490 649/529/490 1667/529/490 1666/527/490
f 987/182/202 988/177/202 2006/177/202 2005/182/202
f 195/194/294 196/1/294 1214/1/294 1213/194/294
f 469/177/87 470/179/87 1488/179/87 1487/177/87
f 90/26/491 91/24/491 1109/24/491 1108/26/491
f 196/1/297 197/224/297 1215/224/297 1214/1/297
f 470/179/89 471/178/89 1489/178/89 1488/179/89
f 89/27/492 90/26/492 1108/26/492 1107/27/492
f 643/530/493 644/528/493 1662/528/493 1661/530/493
f 991/185/111 992/184/111 2010/184/111 2009/185/111
f 257/225/494 258/227/494 1276/227/494 1275/225/494
f 466/180/95 467/181/95 1485/181/95 1484/180/95
f 167/25/495 168/28/495 1186/28/495 1185/25/495
f 649/529/496 650/531/496 1668/531/496 1667/529/496
f 992/184/114 993/186/114 2011/186/114 2010/184/114
f 301/226/497 302/228/497 1320/228/497 1319/226/497
f 467/181/101 468/182/101 1486/182/101 1485/181/101
f 642/532/498 643/530/498 1661/530/498 1660/532/498
f 468/182/104 469/177/104 1487/177/104 1486/182/104
f 88/29/499 89/27/499 1107/27/499 1106/29/499
f 983/187/122 984/183/122 2002/183/122 2001/187/122
f 650/531/500 651/533/500 1669/533/500 1668/531/500
f 256/229/501 257/225/501 1275/225/501 1274/229/501
f 87/30/502 88/29/502 1106/29/502 1105/30/502
f 990/178/195 991/185/195 2009/185/195 2008/178/195
f 302/228/503 303/230/503 1321/230/503 1320/228/503
f 472/185/111 473/184/111 1491/184/111 1490/185/111
f 473/184/114 474/186/114 1492/186/114 1491/184/114
f 58/9/504 59/31/504 1077/31/504 1076/9/504
f 641/534/505 642/532/505 1660/532/505 1659/534/505
f 984/183/130 985/180/130 2003/180/130 2002/183/130
f 59/31/506 60/32/506 1078/32/506 1077/31/506
f 651/533/507 652/535/507 1670/535/507 1669/533/507
f 998/189/131 999/188/131 2017/188/131 2016/189/131
f 255/231/508 256/229/508 1274/229/508 1273/231/508
f 999/188/135 1000/190/135 2018/190/135 2017/188/135
f 303/230/509 304/232/509 1322/232/509 1321/230/509
f 464/187/122 465/183/122 1483/183/122 1482/187/122
f 53/33/510 54/5/510 1072/5/510 1071/33/510
f 640/536/511 641/534/511 1659/534/511 1658/536/511
f 997/191/140 998/189/140 2016/189/140 2015/191/140
f 471/178/125 472/185/125 1490/185/125 1489/178/125
f 652/535/512 653/537/512 1671/537/512 1670/535/512
f 254/233/513 255/231/513 1273/231/513 1272/233/513
f 52/34/514 53/33/514 1071/33/514 1070/34/514
f 993/186/144 994/3/144 2012/3/144 2011/186/144
f 304/232/515 305/234/515 1323/234/515 1322/232/515
f 465/183/130 466/180/130 1484/180/130 1483/183/130
f 60/32/516 61/12/516 1079/12/516 1078/32/516
f 479/189/131 480/188/131 1498/188/131 1497/189/131
f 639/538/517 640/536/517 1658/536/517 1657/538/517
f 480/188/135 481/190/135 1499/190/135 1498/188/135
f 653/537/518 654/539/518 1672/539/518 1671/537/518
f 982/192/151 983/187/151 2001/187/151 2000/192/151
f 253/235/519 254/233/519 1272/233/519 1271/235/519
f 51/35/520 52/34/520 1070/34/520 1069/35/520
f 305/234/521 306/236/521 1324/236/521 1323/234/521
f 478/191/140 479/189/140 1497/189/140 1496/191/140
f 50/10/522 51/35/522 1069/35/522 1068/10/522
f 654/539/523 655/540/523 1673/540/523 1672/539/523
f 973/193/155 974/195/155 1992/195/155 1991/193/155
f 106/37/524 107/36/524 1125/36/524 1124/37/524
f 474/186/144 475/3/144 1493/3/144 1492/186/144
f 974/195/162 975/196/162 1993/196/162 1992/195/162
f 252/237/525 253/235/525 1271/235/525 1270/237/525
f 638/541/526 639/538/526 1657/538/526 1656/541/526
f 975/196/165 976/194/165 1994/194/165 1993/196/165
f 306/236/527 307/238/527 1325/238/527 1324/236/527
f 156/38/528 157/39/528 1175/39/528 1174/38/528
f 655/540/529 656/542/529 1674/542/529 1673/540/529
f 1007/198/166 1008/197/166 2026/197/166 2025/198/166
f 463/192/151 464/187/151 1482/187/151 1481/192/151
f 307/238/530 308/239/530 1326/239/530 1325/238/530
f 105/40/531 106/37/531 1124/37/531 1123/40/531
f 454/193/155 455/195/155 1473/195/155 1472/193/155
f 637/523/532 638/541/532 1656/541/532 1655/523/532
f 968/199/174 969/200/174 1987/200/174 1986/199/174
f 157/39/533 158/41/533 1176/41/533 1175/39/533
f 656/542/534 657/543/534 1675/543/534 1674/542/534
f 251/240/535 252/237/535 1270/237/535 1269/240/535
f 455/195/162 456/196/162 1474/196/162 1473/195/162
f 1010/201/177 1011/2/177 2029/2/177 2028/201/177
f 456/196/165 457/194/165 1475/194/165 1474/196/165
f 657/543/536 658/524/536 1676/524/536 1675/543/536
f 1011/2/181 964/202/181 1982/202/181 2029/2/181
f 250/241/537 251/240/537 1269/240/537 1268/241/537
f 488/198/166 489/197/166 1507/197/166 1506/198/166
f 171/42/538 172/44/538 1190/44/538 1189/42/538
f 266/243/539 267/242/539 1285/242/539 1284/243/539
f 632/504/540 633/544/540 1651/544/540 1650/504/540
f 1009/203/277 1010/201/277 2028/201/277 2027/203/277
f 449/199/174 450/200/174 1468/200/174 1467/199/174
f 83/45/541 84/43/541 1102/43/541 1101/45/541
f 662/545/542 663/505/542 1681/505/542 1680/545/542
f 293/244/543 294/245/543 1312/245/543 1311/244/543
f 633/544/544 634/521/544 1652/521/544 1651/544/544
f 491/201/177 492/2/177 1510/2/177 1509/201/177
f 315/247/545 316/246/545 1334/246/545 1333/247/545
f 492/2/181 445/202/181 1463/202/181 1510/2/181
f 44/48/546 45/47/546 1063/47/546 1062/48/546
f 661/522/547 662/545/547 1680/545/547 1679/522/547
f 966/205/548 967/204/548 1985/204/548 1984/205/548
f 964/202/200 965/206/200 1983/206/200 1982/202/200
f 490/203/187 491/201/187 1509/201/187 1508/203/187
f 690/546/549 691/548/549 1709/548/549 1708/546/549
f 965/206/203 966/205/203 1984/205/203 1983/206/203
f 265/249/550 266/243/550 1284/243/550 1283/249/550
f 108/51/551 109/50/551 1127/50/551 1126/51/551
f 1008/197/204 1009/203/204 2027/203/204 2026/197/204
f 754/547/552 755/549/552 1773/549/552 1772/547/552
f 294/245/553 295/250/553 1313/250/553 1312/245/553
f 154/52/554 155/49/554 1173/49/554 1172/52/554
f 967/204/210 968/199/210 1986/199/210 1985/204/210
f 1006/207/212 1007/198/212 2025/198/212 2024/207/212
f 447/205/197 448/204/197 1466/204/197 1465/205/197
f 689/550/555 690/546/555 1708/546/555 1707/550/555
f 445/202/200 446/206/200 1464/206/200 1463/202/200
f 66/55/556 67/54/556 1085/54/556 1084/55/556
f 755/549/557 756/551/557 1774/551/557 1773/549/557
f 969/200/216 970/208/216 1988/208/216 1987/200/216
f 314/252/558 315/247/558 1333/247/558 1332/252/558
f 446/206/203 447/205/203 1465/205/203 1464/206/203
f 243/248/559 244/251/559 1262/251/559 1261/248/559
f 489/197/204 490/203/204 1508/203/204 1507/197/204
f 42/56/560 43/53/560 1061/53/560 1060/56/560
f 264/253/561 265/249/561 1283/249/561 1282/253/561
f 68/58/562 69/57/562 1087/57/562 1086/58/562
f 688/552/563 689/550/563 1707/550/563 1706/552/563
f 961/209/132 962/211/132 1980/211/132 1979/209/132
f 448/204/210 449/199/210 1467/199/210 1466/204/210
f 962/211/117 963/210/117 1981/210/117 1980/211/117
f 295/250/564 296/254/564 1314/254/564 1313/250/564
f 487/207/212 488/198/212 1506/198/212 1505/207/212
f 687/553/565 688/552/565 1706/552/565 1705/553/565
f 963/210/44 960/4/44 1978/4/44 1981/210/44
f 756/551/566 757/554/566 1775/554/566 1774/551/566
f 960/4/5 961/209/5 1979/209/5 1978/4/5
f 450/200/216 451/208/216 1469/208/216 1468/200/216
f 109/50/567 110/60/567 1128/60/567 1127/50/567
f 1000/190/229 1001/212/229 2019/212/229 2018/190/229
f 263/255/568 264/253/568 1282/253/568 1281/255/568
f 110/60/569 111/61/569 1129/61/569 1128/60/569
f 1001/212/232 1002/213/232 2020/213/232 2019/212/232
f 296/254/570 297/256/570 1315/256/570 1314/254/570
f 686/555/571 687/553/571 1705/553/571 1704/555/571
f 442/209/132 443/211/132 1461/211/132 1460/209/132
f 757/554/572 758/556/572 1776/556/572 1775/554/572
f 1002/213/235 1003/214/235 2021/214/235 2020/213/235
f 443/211/117 444/210/117 1462/210/117 1461/211/117
f 153/62/573 154/52/573 1172/52/573 1171/62/573
f 444/210/44 441/4/44 1459/4/44 1462/210/44
f 111/61/574 112/63/574 1130/63/574 1129/61/574
f 312/259/575 313/258/575 1331/258/575 1330/259/575
f 441/4/5 442/209/5 1460/209/5 1459/4/5
f 685/439/576 686/555/576 1704/555/576 1703/439/576
f 481/190/229 482/212/229 1500/212/229 1499/190/229
f 758/556/577 759/557/577 1777/557/577 1776/556/577
f 996/215/243 997/191/243 2015/191/243 2014/215/243
f 245/260/578 246/257/578 1264/257/578 1263/260/578
f 482/212/232 483/213/232 1501/213/232 1500/212/232
f 152/64/579 153/62/579 1171/62/579 1170/64/579
f 1003/214/245 1004/216/245 2022/216/245 2021/214/245
f 313/258/580 314/252/580 1332/252/580 1331/258/580
f 483/213/235 484/214/235 1502/214/235 1501/213/235
f 174/65/581 175/67/581 1193/67/581 1192/65/581
f 684/558/582 685/439/582 1703/439/582 1702/558/582
f 244/251/583 245/260/583 1263/260/583 1262/251/583
f 759/557/584 760/559/584 1778/559/584 1777/557/584
f 995/217/249 996/215/249 2014/215/249 2013/217/249
f 262/261/585 263/255/585 1281/255/585 1280/261/585
f 1004/216/252 1005/218/252 2023/218/252 2022/216/252
f 67/54/586 68/58/586 1086/58/586 1085/54/586
f 297/256/587 298/262/587 1316/262/587 1315/256/587
f 477/215/243 478/191/243 1496/191/243 1495/215/243
f 41/59/588 42/56/588 1060/56/588 1059/59/588
f 683/560/589 684/558/589 1702/558/589 1701/560/589
f 484/214/245 485/216/245 1503/216/245 1502/214/245
f 760/559/590 761/561/590 1779/561/590 1778/559/590
f 994/3/257 995/217/257 2013/217/257 2012/3/257
f 107/36/591 108/51/591 1126/51/591 1125/36/591
f 1005/218/260 1006/207/260 2024/207/260 2023/218/260
f 261/263/592 262/261/592 1280/261/592 1279/263/592
f 155/49/593 156/38/593 1174/38/593 1173/49/593
f 298/262/594 299/264/594 1317/264/594 1316/262/594
f 476/217/249 477/215/249 1495/215/249 1494/217/249
f 682/562/595 683/560/595 1701/560/595 1700/562/595
f 485/216/252 486/218/252 1504/218/252 1503/216/252
f 172/44/596 173/68/596 1191/68/596 1190/44/596
f 761/561/597 762/451/597 1780/451/597 1779/561/597
f 260/265/598 261/263/598 1279/263/598 1278/265/598
f 82/69/599 83/45/599 1101/45/599 1100/69/599
f 981/219/265 982/192/265 2000/192/265 1999/219/265
f 299/264/600 300/266/600 1318/266/600 1317/264/600
f 475/3/257 476/217/257 1494/217/257 1493/3/257
f 173/68/601 174/65/601 1192/65/601 1191/68/601
f 681/563/602 682/562/602 1700/562/602 1699/563/602
f 970/208/268 971/220/268 1989/220/268 1988/208/268
f 486/218/260 487/207/260 1505/207/260 1504/218/260
f 81/66/603 82/69/603 1100/69/603 1099/66/603
f 765/564/604 766/566/604 1784/566/604 1783/564/604
f 259/267/605 260/265/605 1278/265/605 1277/267/605
f 980/221/274 981/219/274 1999/219/274 1998/221/274
f 65/46/606 66/55/606 1084/55/606 1083/46/606
f 971/220/278 972/222/278 1990/222/278 1989/220/278
f 258/227/607 259/267/607 1277/267/607 1276/227/607
f 43/53/608 44/48/608 1062/48/608 1061/53/608
f 677/567/609 678/565/609 1696/565/609 1695/567/609
f 300/266/610 301/226/610 1319/226/610 1318/266/610
f 462/219/265 463/192/265 1481/192/265 1480/219/265
f 104/70/611 105/40/611 1123/40/611 1122/70/611
f 451/208/268 452/220/268 1470/220/268 1469/208/268
f 979/223/284 980/221/284 1998/221/284 1997/223/284
f 308/239/612 309/268/612 1327/268/612 1326/239/612
f 158/41/613 159/71/613 1177/71/613 1176/41/613
f 767/570/614 768/569/614 1786/569/614 1785/570/614
f 972/222/286 973/193/286 1991/193/286 1990/222/286
f 249/269/615 250/241/615 1268/241/615 1267/269/615
f 461/221/274 462/219/274 1480/219/274 1479/221/274
f 309/268/616 310/270/616 1328/270/616 1327/268/616
f 452/220/278 453/222/278 1471/222/278 1470/220/278
f 103/72/617 104/70/617 1122/70/617 1121/72/617
f 697/573/618 698/572/618 1716/572/618 1715/573/618
f 978/224/292 979/223/292 1997/223/292 1996/224/292
f 102/73/619 103/72/619 1121/72/619 1120/73/619
f 746/574/620 747/571/620 1765/571/620 1764/574/620
f 976/194/294 977/1/294 1995/1/294 1994/194/294
f 248/271/621 249/269/621 1267/269/621 1266/271/621
f 460/223/284 461/221/284 1479/221/284 1478/223/284
f 159/71/622 160/74/622 1178/74/622 1177/71/622
f 977/1/297 978/224/297 1996/224/297 1995/1/297
f 310/270/623 311/272/623 1329/272/623 1328/270/623
f 453/222/286 454/193/286 1472/193/286 1471/222/286
f 747/571/624 748/575/624 1766/575/624 1765/571/624
f 768/569/625 769/576/625 1787/576/625 1786/569/625
f 101/75/626 102/73/626 1120/73/626 1119/75/626
f 1018/2/627 1012/4/627 2030/4/627 2036/2/627
f 247/273/628 248/271/628 1266/271/628 1265/273/628
f 160/74/629 161/76/629 1179/76/629 1178/74/629
f 1012/4/5 1013/454/5 2031/454/5 2030/4/5
f 311/272/630 312/259/630 1330/259/630 1329/272/630
f 459/224/292 460/223/292 1478/223/292 1477/224/292
f 675/577/631 676/568/631 1694/568/631 1693/577/631
f 1013/454/632 1014/1/632 2032/1/632 2031/454/632
f 457/194/294 458/1/294 1476/1/294 1475/194/294
f 696/450/633 697/573/633 1715/573/633 1714/450/633
f 1017/447/117 1018/2/117 2036/2/117 2035/447/117
f 246/257/634 247/273/634 1265/273/634 1264/257/634
f 458/1/297 459/224/297 1477/224/297 1476/1/297
f 100/77/635 101/75/635 1119/75/635 1118/77/635
f 317/275/636 318/274/636 1336/274/636 1335/275/636
f 748/575/637 749/578/637 1767/578/637 1766/575/637
f 494/379/132 495/381/132 1513/381/132 1512/379/132
f 99/78/638 100/77/638 1118/77/638 1117/78/638
f 1016/3/639 1017/447/639 2035/447/639 2034/3/639
f 495/381/117 496/380/117 1514/380/117 1513/381/117
f 161/76/640 162/79/640 1180/79/640 1179/76/640
f 1014/1/641 1015/465/641 2033/465/641 2032/1/641
f 241/276/642 242/277/642 1260/277/642 1259/276/642
f 695/579/643 696/450/643 1714/450/643 1713/579/643
f 1015/465/5 1016/3/5 2034/3/5 2033/465/5
f 496/380/132 497/383/132 1515/383/132 1514/380/132
f 749/578/644 750/580/644 1768/580/644 1767/578/644
f 98/80/645 99/78/645 1117/78/645 1116/80/645
f 269/280/646 270/279/646 1288/279/646 1287/280/646
f 536/384/647 537/386/647 1555/386/647 1554/384/647
f 97/16/648 98/80/648 1116/80/648 1115/16/648
f 766/566/649 767/570/649 1785/570/649 1784/566/649
f 162/79/650 163/15/650 1181/15/650 1180/79/650
f 676/568/651 677/567/651 1695/567/651 1694/568/651
f 290/281/652 291/278/652 1309/278/652 1308/281/652
f 507/387/653 508/385/653 1526/385/653 1525/387/653
f 694/581/654 695/579/654 1713/579/654 1712/581/654
f 168/28/655 169/81/655 1187/81/655 1186/28/655
f 537/386/656 538/388/656 1556/388/656 1555/386/656
f 750/580/657 751/460/657 1769/460/657 1768/580/657
f 268/283/658 269/280/658 1287/280/658 1286/283/658
f 86/82/659 87/30/659 1105/30/659 1104/82/659
f 291/278/660 292/282/660 1310/282/660 1309/278/660
f 506/389/661 507/387/661 1525/387/661 1524/389/661
f 169/81/662 170/83/662 1188/83/662 1187/81/662
f 318/274/663 319/284/663 1337/284/663 1336/274/663
f 693/582/664 694/581/664 1712/581/664 1711/582/664
f 538/388/665 539/390/665 1557/390/665 1556/388/665
f 751/460/666 752/583/666 1770/583/666 1769/460/666
f 85/84/667 86/82/667 1104/82/667 1103/84/667
f 240/285/668 241/276/668 1259/276/668 1258/285/668
f 170/83/669 171/42/669 1189/42/669 1188/83/669
f 505/391/670 506/389/670 1524/389/670 1523/391/670
f 692/584/671 693/582/671 1711/582/671 1710/584/671
f 539/390/672 540/392/672 1558/392/672 1557/390/672
f 84/43/673 85/84/673 1103/84/673 1102/43/673
f 752/583/674 753/585/674 1771/585/674 1770/583/674
f 271/288/675 272/287/675 1290/287/675 1289/288/675
f 62/11/676 63/85/676 1081/85/676 1080/11/676
f 288/289/677 289/286/677 1307/286/677 1306/289/677
f 504/393/678 505/391/678 1523/391/678 1522/393/678
f 691/548/679 692/584/679 1710/584/679 1709/548/679
f 540/392/680 541/394/680 1559/394/680 1558/392/680
f 48/86/681 49/13/681 1067/13/681 1066/86/681
f 753/585/682 754/547/682 1772/547/682 1771/585/682
f 320/290/683 321/292/683 1339/292/683 1338/290/683
f 47/87/684 48/86/684 1066/86/684 1065/87/684
f 762/451/685 763/586/685 1781/586/685 1780/451/685
f 237/291/686 238/293/686 1256/293/686 1255/291/686
f 503/395/687 504/393/687 1522/393/687 1521/395/687
f 63/85/688 64/88/688 1082/88/688 1081/85/688
f 541/394/689 542/396/689 1560/396/689 1559/394/689
f 680/587/690 681/563/690 1699/563/690 1698/587/690
f 763/586/691 764/588/691 1782/588/691 1781/586/691
f 270/279/692 271/288/692 1289/288/692 1288/279/692
f 46/89/693 47/87/693 1065/87/693 1064/89/693
f 289/286/694 290/281/694 1308/281/694 1307/286/694
f 502/397/695 503/395/695 1521/395/695 1520/397/695
f 64/88/696 65/46/696 1083/46/696 1082/88/696
f 319/284/697 320/290/697 1338/290/697 1337/284/697
f 679/589/698 680/587/698 1698/587/698 1697/589/698
f 501/398/699 502/397/699 1520/397/699 1519/398/699
f 45/47/700 46/89/700 1064/89/700 1063/47/700
f 764/588/701 765/564/701 1783/564/701 1782/588/701
f 238/293/702 239/294/702 1257/294/702 1256/293/702
f 542/396/703 543/399/703 1561/399/703 1560/396/703
f 678/565/704 679/589/704 1697/589/704 1696/565/704
f 239/294/705 240/285/705 1258/285/705 1257/294/705
f 114/92/706 115/91/706 1133/91/706 1132/92/706
f 500/400/707 501/398/707 1519/398/707 1518/400/707
f 274/295/708 275/297/708 1293/297/708 1292/295/708
f 543/399/709 544/401/709 1562/401/709 1561/399/709
f 148/93/710 149/90/710 1167/90/710 1166/93/710
f 721/591/711 674/4/711 1692/4/711 1739/591/711
f 115/91/712 116/94/712 1134/94/712 1133/91/712
f 724/593/713 725/592/713 1743/592/713 1742/593/713
f 285/298/714 286/296/714 1304/296/714 1303/298/714
f 499/402/715 500/400/715 1518/400/715 1517/402/715
f 147/95/716 148/93/716 1166/93/716 1165/95/716
f 279/299/44 280/301/44 1298/301/44 1297/299/44
f 498/403/717 499/402/717 1517/402/717 1516/403/717
f 280/301/718 281/300/718 1299/300/718 1298/301/718
f 544/401/719 545/404/719 1563/404/719 1562/401/719
f 70/96/720 71/98/720 1089/98/720 1088/96/720
f 744/597/721 745/596/721 1763/596/721 1762/597/721
f 278/302/722 279/299/722 1297/299/722 1296/302/722
f 39/97/723 40/99/723 1058/99/723 1057/97/723
f 723/590/724 724/593/724 1742/593/724 1741/590/724
f 497/383/725 498/403/725 1516/403/725 1515/383/725
f 720/594/726 721/591/726 1739/591/726 1738/594/726
f 545/404/727 546/382/727 1564/382/727 1563/404/727
f 121/101/728 122/100/728 1140/100/728 1139/101/728
f 282/304/729 283/303/729 1301/303/729 1300/304/729
f 122/100/730 123/102/730 1141/102/730 1140/100/730
f 726/598/731 727/599/731 1745/599/731 1744/598/731
f 281/300/732 282/304/732 1300/304/732 1299/300/732
f 546/382/44 547/405/44 1565/405/44 1564/382/44
f 327/305/733 328/2/733 1346/2/733 1345/305/733
f 718/470/734 719/600/734 1737/600/734 1736/470/734
f 328/2/44 231/4/44 1249/4/44 1346/2/44
f 116/94/735 117/103/735 1135/103/735 1134/94/735
f 550/2/44 493/4/44 1511/4/44 1568/2/44
f 146/104/736 147/95/736 1165/95/736 1164/104/736
f 699/595/737 700/601/737 1718/601/737 1717/595/737
f 275/297/738 276/306/738 1294/306/738 1293/297/738
f 493/4/739 494/379/739 1512/379/739 1511/4/739
f 534/407/740 535/406/740 1553/406/740 1552/407/740
f 145/105/741 146/104/741 1164/104/741 1163/105/741
f 743/602/742 744/597/742 1762/597/742 1761/602/742
f 284/307/743 285/298/743 1303/298/743 1302/307/743
f 700/601/744 701/603/744 1719/603/744 1718/601/744
f 276/306/745 277/308/745 1295/308/745 1294/306/745
f 144/106/746 145/105/746 1163/105/746 1162/106/746
f 277/308/747 278/302/747 1296/302/747 1295/308/747
f 509/408/748 510/409/748 1528/409/748 1527/408/748
f 143/107/749 144/106/749 1162/106/749 1161/107/749
f 742/604/750 743/602/750 1761/602/750 1760/604/750
f 510/409/751 511/410/751 1529/410/751 1528/409/751
f 725/592/752 726/598/752 1744/598/752 1743/592/752
f 283/303/753 284/307/753 1302/307/753 1301/303/753
f 142/108/754 143/107/754 1161/107/754 1160/108/754
f 326/309/755 327/305/755 1345/305/755 1344/309/755
f 177/109/756 178/2/756 1196/2/756 1195/109/756
